UBC_id,Date of Collection,CITY/LOCATION,"PROVINCE/STATE, COUNTRY",SOURCE,Outbreak number/ Sporadic,Total reads,Reads map to assemalage A (WB),% map to A,Reads map to assemblage B (GS_B),% map to B,Reads map to neither,% Neither assemblage,Assembly,Coverage 
ATCC30888/13,1985-08-16,Portland,"OR, USA",HUMAN,Sporadic,8260818,8237278,99.71504033,4710,0.057016145,18830,0.227943528,A,170.321
ATCC30957/120_3/50803,2014-08-08,Betheda,"MD, USA",HUMAN,Sporadic,2482222,2479630,99.89557743,684,0.027555956,1908,0.076866614,A,47.779
ATCC50163/89,1992-07-03,Philadelphia,"PA, USA",CAT,Sporadic,3055704,3020880,98.86036082,7606,0.248911544,27218,0.890727636,A,61.3231
ATCC50170/93,1992-07-03,Madison,"WI, USA",SHEEP,Sporadic,1692554,1688351,99.75167705,2039,0.12046883,2164,0.127854119,A,31.9342
B5/19,1987-07-31,Calgary,"AB, CANADA",BEAVER,Sporadic,4460204,4452011,99.81630885,5253,0.117774882,2940,0.065916268,A,94.7779
BE-1(IP-0482:1)/15,1985-06-08,Banff,"AB, CANADA",BEAVER,Sporadic,2912396,2908917,99.88054509,1295,0.044465107,2184,0.074989802,A,54.3104
BE-2(IPO583:1)/14,1985-06-08,Banff,"AB, CANADA",BEAVER,Sporadic,3482508,3475913,99.81062499,3287,0.094386,3308,0.094989014,A,71.7374
BTW/109,1993-06-01,Botwood,"NL, CANADA",WATER,5,1716242,1711613,99.73028279,2061,0.12008796,2568,0.149629248,A,33.2642
CB2/108,1993-06-01,Cornerbrook,"NL, CANADA",WATER,5,1255384,1251501,99.69069225,2219,0.176758665,1664,0.132549085,A,24.2518
D3/18,1987-07-31,Calgary,"AB, CANADA",DOG,Sporadic,3644816,3640397,99.87875931,1703,0.046723895,2716,0.074516793,A,70.8912
HAMILTON7/75,1991-06-19,Hamilton,"North Island, NEW ZEALAND",HUMAN,Sporadic,4708060,4701143,99.85308174,3057,0.064931203,3860,0.08198706,A,95.1491
HAMILTON84/76,1991-06-19,Hamilton,"North Island, NEW ZEALAND",HUMAN,Sporadic,1929232,1924666,99.76332551,1866,0.096722426,2700,0.139952064,A,37.7055
MONASTASHE/6,1986-09-01,Monastashe River,"WA, USA",BEAVER,Sporadic,3435252,3429647,99.83683875,2795,0.081362299,2810,0.081798948,A,65.5748
S1/16,1987-07-31,near Strathmore,"AB, CANADA",SHEEP,Sporadic,2040330,2036170,99.79611141,1716,0.084104042,2444,0.119784545,A,41.195
VANC/85/UBC/1,1985-02-07,Hornby Island,"BC, CANADA",HUMAN,Sporadic,3426562,3421010,99.8379717,2450,0.071500238,3102,0.090528057,A,67.0957
VANC/85/UBC/2,1985-03-14,Smithers,"BC, CANADA",HUMAN,Sporadic,4845878,4741037,97.83649114,30203,0.623271985,74638,1.540236878,A,89.1943
VANC/85/UBC/5,1985-03-26,Coquitlam,"BC, CANADA",HUMAN,Sporadic,8177114,8164872,99.85028948,6366,0.077851428,5876,0.071859094,A,160.529
VANC/85/UBC/7,1985-04-11,"Pantage Creek, Quesnel","BC, CANADA",BEAVER,Sporadic,5187666,5120188,98.6992609,20128,0.387997223,47350,0.912741877,A,95.0742
VANC/85/UBC/9,1985-04-17,"Zimacord River, Terrace","BC, CANADA",BEAVER,Sporadic,5852176,26355,0.450345307,5737085,98.033364,88736,1.516290693,B,103.297
VANC/86/UBC/3,1986-09-11,Ashcroft,"BC, CANADA",HUMAN,Sporadic,3201016,3126695,97.67820592,11159,0.348608067,63162,1.973186013,A,60.4254
VANC/87/UBC/22,1987-10-01,North Vancouver,"BC, CANADA",HUMAN,Sporadic,2737128,2656675,97.0606782,23309,0.851586042,57144,2.087735758,A,53.3381
VANC/87/UBC/23,1987-11-01,Prince George,"BC, CANADA",HUMAN,Sporadic,8348472,7983991,95.63415916,58997,0.706680216,305484,3.659160622,A,155.562
VANC/87/UBC/25,1987-10-03,Kelowna,"BC, CANADA",HUMAN,Sporadic,4426820,17336,0.391612941,2944370,66.51207865,1465114,33.09630841,B,55.4008
VANC/87/UBC/26,1987-11-04,Slocan River,"BC, CANADA",BEAVER,Sporadic,5814360,27153,0.466998947,5723565,98.43843518,63642,1.094565868,B,99.4616
VANC/87/UBC/27,1987-11-21,Aldergrove,"BC, CANADA",BEAVER,Sporadic,2576914,2403561,93.27284496,168867,6.553070844,4486,0.174084195,A/B,44.9156
VANC/87/UBC/28,1987-12-01,Aldergrove,"BC, CANADA",BEAVER,Sporadic,3703120,3698231,99.86797619,1275,0.034430426,3614,0.097593381,A,63.8142
VANC/87/UBC/29,1987-12-01,Aldergrove,"BC, CANADA",BEAVER,Sporadic,2012192,2007799,99.78168087,2241,0.111371082,2152,0.106948045,A,38.9567
VANC/87/UBC/8,1987-08-08,North Vancouver,"BC, CANADA",HUMAN,Sporadic,4408322,16231,0.368189982,4286179,97.2292632,105912,2.402546819,B,71.474
VANC/88/UBC/34,1988-10-19,Vancouver,"BC, CANADA",HUMAN,Sporadic,4519588,4512588,99.84511863,1874,0.041463956,5126,0.113417418,A,89.0954
VANC/88/UBC/35,1988-11-29,Vancouver,"BC, CANADA",HUMAN,Sporadic,3621890,3616699,99.85667704,1651,0.045583935,3540,0.097739026,A,35.1938
VANC/89/UBC/33,1989-10-25,Vancouver,"BC, CANADA",HUMAN,Sporadic,5355316,5343539,99.78008767,5473,0.102197517,6304,0.117714809,A,106.637
VANC/89/UBC/36,1989-09-30,Oliver,"BC, CANADA",HUMAN,Sporadic,6947582,6919095,99.58997245,18545,0.2669274,9942,0.143100146,A,132.423
VANC/89/UBC/37,1989-11-17,Kitimat,"BC, CANADA",HUMAN,3,2096256,2084838,99.45531462,1348,0.064305123,10070,0.480380259,A,37.8745
VANC/89/UBC/48,1989-12-20,Kitimat,"BC, CANADA",HUMAN,3,3154606,17727,0.561940223,3081789,97.69172442,55090,1.746335359,B,54.3433
VANC/89/UBC/59,1989-02-27,Nanaimo,"BC, CANADA",DOG,Sporadic,2606512,57564,2.208468635,2521388,96.73417962,27560,1.057351741,B,45.0819
VANC/90/UBC/40,1990-02-09,Creston,"BC, CANADA",WATER,1,2194058,5163,0.235317389,1942697,88.54355719,246198,11.22112542,B,31.7658
VANC/90/UBC/41,1990-02-13,Creston,"BC, CANADA",HUMAN,1,4428630,24123,0.544705699,4315703,97.45006921,88804,2.005225092,B,69.8834
VANC/90/UBC/42,1990-02-16,Creston,"BC, CANADA",HUMAN,1,5967158,5792509,97.0731628,50579,0.847622939,124070,2.079214259,A,113.872
VANC/90/UBC/43,1990-02-14,Creston,"BC, CANADA",HUMAN,1,4623384,4619180,99.90907093,832,0.017995477,3372,0.072933591,A,89.6497
VANC/90/UBC/44,1990-02-16,Creston,"BC, CANADA",HUMAN,1,1851194,7088,0.382888017,1824470,98.55639117,19636,1.06072081,B,30.7894
VANC/90/UBC/45,1990-02-14,Creston,"BC, CANADA",HUMAN,1,11203550,30098,0.268646991,5037940,44.9673541,6135512,54.76399891,B,71.7086
VANC/90/UBC/46,1990-02-16,Creston,"BC, CANADA",HUMAN,1,3253714,15855,0.487289295,3101923,95.33483889,135936,4.17787181,B,57.5201
VANC/90/UBC/47,1990-02-16,Kitimat,"BC, CANADA",HUMAN,3,3431050,26367,0.768481952,3296189,96.06939567,108494,3.162122382,B,59.5357
VANC/90/UBC/49,1990-02-16,Creston,"BC, CANADA",WATER,1,6407078,33441,0.521938394,6097773,95.17244835,275864,4.305613261,B,102.514
VANC/90/UBC/50_2,1990-03-03,Creston,"BC, CANADA",WATER,1,3190474,15584,0.488454067,3127534,98.02725238,47356,1.484293556,B,55.1181
VANC/90/UBC/51,1990-03-09,Kitimat,"BC, CANADA",WATER,3,3134348,11662,0.372071002,2992690,95.48046356,129996,4.147465438,B,48.5545
VANC/90/UBC/52,1990-03-19,Creston,"BC, CANADA",BEAVER,1,5626634,5619517,99.8735123,2137,0.037980078,4980,0.088507623,A,108.92
VANC/90/UBC/53,1990-03-28,Goat River,"BC, CANADA",BEAVER,Sporadic,6466798,35772,0.553164023,6147430,95.06141989,283596,4.38541609,B,106.758
VANC/90/UBC/54,1990-04-10,Goat River,"BC, CANADA",BEAVER,Sporadic,2664870,7807,0.292959882,2608525,97.88563795,48538,1.82140217,B,41.4591
VANC/90/UBC/55,1990-04-10,Goat River,"BC, CANADA",BEAVER,Sporadic,2724126,278717,10.23142836,2411399,88.52009782,34010,1.248473822,A/B,41.93
VANC/90/UBC/56,1990-04-10,Goat River,"BC, CANADA",BEAVER,Sporadic,2889650,6503,0.225044556,2785105,96.3820878,98042,3.392867648,B,43.6777
VANC/90/UBC/57,1989-12-05,Bella Coola,"BC, CANADA",BEAVER,Sporadic,2191758,2141875,97.72406443,13635,0.622103353,36248,1.653832221,A,38.2894
VANC/90/UBC/58,1990-09-12,Mission Creek,"BC, CANADA",WATER,Sporadic,3475642,24478,0.704272765,3373116,97.05015649,78048,2.245570746,B,56.6772
VANC/90/UBC/60,1990-02-16,Creston,"BC, CANADA",HUMAN,1,5569868,13272,0.238282128,5383840,96.66010038,172756,3.101617489,B,82.2771
VANC/90/UBC/61,1990-07-05,Barriere,"BC, CANADA",WATER,2,5143546,33474,0.650796163,5010028,97.40416436,100044,1.945039473,B,89.4502
VANC/90/UBC/62,1990-07-31,Barriere,"BC, CANADA",WATER,2,2776950,2735537,98.50868759,5979,0.215308162,35434,1.276004249,A,55.4383
VANC/90/UBC/63,1991-01-04,Barriere,"BC, CANADA",HUMAN,2,3775808,12595,0.333570987,3556883,94.20190327,206330,5.464525739,B,58.7846
VANC/90/UBC/64,1990-12-11,Barriere,"BC, CANADA",HUMAN,2,6932732,6919398,99.80766601,7324,0.105643778,6010,0.086690211,A,135.829
VANC/90/UBC/71,1990-02-14,Creston,"BC, CANADA",HUMAN,1,3018542,3015075,99.88514322,1811,0.059995852,1656,0.054860923,A,53.6749
VANC/91/UBC/65,1991-01-22,Barriere,"BC, CANADA",HUMAN,2,2634756,14316,0.543352022,2573224,97.66460348,47216,1.792044501,B,48.9148
VANC/91/UBC/67,1991-04-18,"Deep Creek, Terrace","BC, CANADA",WATER,Sporadic,2317586,10775,0.464923416,2225245,96.01563869,81566,3.519437898,B,41.4112
VANC/91/UBC/68_1,1991-04-19,Terrace,"BC, CANADA",WATER,Sporadic,5177928,37963,0.733169716,5051739,97.5629441,88226,1.703886188,B,96.3067
VANC/91/UBC/68_2,1991-04-19,Terrace,"BC, CANADA",WATER,Sporadic,2187104,13257,0.606144015,2130451,97.40967965,43396,1.984176335,B,38.5531
VANC/91/UBC/69,1991-02-20,Muskwa River,"BC, CANADA",WATER,Sporadic,3221462,14032,0.435578629,3148066,97.72165557,59364,1.8427658,B,50.6286
VANC/91/UBC/72,1991-04-04,South Thompson,"BC, CANADA",WATER,Sporadic,2487766,39008,1.567993131,2247148,90.32794885,201610,8.104058018,B,44.3392
VANC/91/UBC/73,1991-06-24,Kamloops,"BC, CANADA",HUMAN,Sporadic,7992154,7976506,99.80420798,10152,0.127024579,5496,0.068767444,A,158.126
VANC/91/UBC/74,1991-12-12,Mission Creek,"BC, CANADA",WATER,Sporadic,10537176,75158,0.71326511,10090880,95.76455779,371138,3.522177099,B,181.016
VANC/91/UBC/85,1991-05-01,Mission Creek,"BC, CANADA",WATER,Sporadic,1358320,8960,0.659638377,1216990,89.59523529,132370,9.745126333,B,18.6448
VANC/92/UBC/101,1992-09-23,Mission Creek,"BC, CANADA",WATER,Sporadic,2983786,2972326,99.6159242,9256,0.310209915,2204,0.073865887,A,64.6207
VANC/92/UBC/102,1992-09-30,Mission Creek,"BC, CANADA",WATER,Sporadic,5481294,31668,0.577746788,4378018,79.87197913,1071608,19.55027408,B,76.5089
VANC/92/UBC/103,1992-10-01,Mission Creek,"BC, CANADA",WATER,Sporadic,3624162,12273,0.338643802,3353251,92.52486506,258638,7.136491139,B,56.5007
VANC/92/UBC/104,1992-11-04,Mission Creek,"BC, CANADA",WATER,Sporadic,3971774,3966784,99.87436345,1656,0.041694215,3334,0.083942339,A,80.7394
VANC/92/UBC/107,1992-12-15,Vancouver,"BC, CANADA",HUMAN,Sporadic,4549472,4417251,97.0937067,37153,0.816644217,95068,2.089649085,A,86.9322
VANC/92/UBC/84,1992-04-09,Mission Creek,"BC, CANADA",WATER,Sporadic,5006866,18443,0.368354176,4929383,98.45246507,59040,1.179180749,B,82.3182
VANC/92/UBC/98,1992-07-14,Mission Creek,"BC, CANADA",WATER,Sporadic,8267772,47083,0.569476275,8132223,98.36051357,88466,1.070010155,B,142.699
VANC/92/UBC/99,1992-09-04,Mission Creek,"BC, CANADA",WATER,Sporadic,1916838,5350,0.279105485,1774186,92.55795221,137302,7.162942304,B,32.8996
VANC/93/UBC/105,1993-09-16,Mission Creek,"BC, CANADA",WATER,Sporadic,5643376,37000,0.655635917,5548386,98.31678768,57990,1.027576401,B,98.1085
VANC/93/UBC/106,1993-09-23,Mission Creek,"BC, CANADA",WATER,Sporadic,4377462,3103311,70.89292837,1257285,28.72177988,16866,0.385291751,A/B,63.1136
VANC/93/UBC/39,1993-07-02,Campbell River,"BC, CANADA",HUMAN,Sporadic,2849868,2786942,97.79196791,13220,0.463881134,49706,1.744150957,A,51.7029
VANC/93/UBC/70,1993-06-08,Barriere,"BC, CANADA",HUMAN,Sporadic,7319434,7295705,99.67580827,5621,0.076795556,18108,0.247396178,A,152.233
VANC/94/UBC/121,1994-05-27,"Elk Creek, Chilliwack","BC, CANADA",WATER,Sporadic,8751292,8430011,96.32875923,311669,3.561405562,9612,0.109835211,A/B,174.356
VANC/94/UBC/122,1994-08-16,Mission Creek,"BC, CANADA",WATER,Sporadic,2162294,5080,0.234935675,2131962,98.59723053,25252,1.167833791,B,33.0966
VANC/94/UBC/124,1994-09-26,Mission Creek,"BC, CANADA",WATER,Sporadic,1323924,5732,0.432955366,1079222,81.51691487,238970,18.05012977,B,16.2849
VANC/94/UBC125,1994-10-17,Mission Creek,"BC, CANADA",WATER,Sporadic,1822726,6201,0.340204726,1744759,95.72250574,71766,3.937289532,B,28.3516
VANC/96/UBC/126,1995-09-28,Revelstoke,"BC, CANADA",HUMAN,4,3118948,2589466,83.02369902,520704,16.69485993,8778,0.28144105,A/B,51.2639
VANC/96/UBC/127,1995-08-30,Revelstoke,"BC, CANADA",BEAVER,4,8001288,39022,0.487696481,7862800,98.26917866,99466,1.243124857,B,135.562
VANC/96/UBC/128,1995-09-12,Revelstoke,"BC, CANADA",HUMAN,4,2720356,6411,0.235667685,2679999,98.51648093,33946,1.247851384,B,46.0676
VANC/96/UBC/129,1995-09-20,Revelstoke,"BC, CANADA",HUMAN,4,2320598,5831,0.25127144,2286703,98.53938511,28064,1.209343454,B,37.9192
WHANGAREI8/79,1991-06-19,Whangarei,"North Island, NEW ZEALAND",HUMAN,Sporadic,1321596,1318599,99.77322873,1515,0.114634124,1482,0.112137143,A,26.9173
,,,,,,,,,,,,,,