final_id,Run,Assay Type,AvgSpotLen,Bases,BioProject,BioSample,Bytes,Center Name,Consent,Experiment,Instrument,LibraryLayout,LibrarySelection,LibrarySource,Organism,Platform,ReleaseDate,Sample Name,SRA Study,Library Name,Collection_Date,geo_loc_name_country,geo_loc_name_country_continent,geo_loc_name,isolate,sample_type,lat_lon,isolation_source,HOST,Sample_tittle,tissue,collected_by,sex,dev_stage,id,parent_study,submission_accession,read_count,single_end,location,collection_date_year,date_of_collection,city/location,"province/state,_country",source,outbreak_number/_sporadic
ERR311186,ERR311186,WGS,NA,923963100,PRJEB3213,SAMEA1971072,372864414;413735832,submitted by Wellcome Sanger Institute ,NA,ERX284467,Illumina MiSeq,PAIRED,RANDOM,GENOMIC,Giardia intestinalis,ILLUMINA,NA,SC_RUN_8945_1#2,ERP001716,6141434,unknown,unknown,unknown,unknown,SC_EXP_8945_1#2,NA,NA,NA,NA,NA,NA,NA,NA,NA,ERX284467_ERR311186,NA,ERA237528,3079877.0,False,unknown,unknown,NA,NA,NA,NA,NA
ERR311175,ERR311175,WGS,NA,1417145800,PRJEB3213,SAMEA2018552,632451252;676024970,submitted by Wellcome Sanger Institute ,NA,ERX284456,Illumina HiSeq 2000,PAIRED,RANDOM,GENOMIC,Giardia intestinalis,ILLUMINA,NA,SC_RUN_8441_8#6,ERP001716,5742484,unknown,unknown,unknown,unknown,SC_EXP_8441_8#6,NA,NA,NA,NA,NA,NA,NA,NA,NA,ERX284456_ERR311175,NA,ERA237528,7085729.0,False,unknown,unknown,NA,NA,NA,NA,NA
ERR311184,ERR311184,WGS,NA,1612495200,PRJEB3213,SAMEA2018676,704429263;749736186,submitted by Wellcome Sanger Institute ,NA,ERX284465,Illumina HiSeq 2000,PAIRED,RANDOM,GENOMIC,Giardia intestinalis,ILLUMINA,NA,SC_RUN_8441_8#15,ERP001716,5742493,unknown,unknown,unknown,unknown,SC_EXP_8441_8#15,NA,NA,NA,NA,NA,NA,NA,NA,NA,ERX284465_ERR311184,NA,ERA237528,8062476.0,False,unknown,unknown,NA,NA,NA,NA,NA
ERR311174,ERR311174,WGS,NA,1560996200,PRJEB3213,SAMEA2018796,699009116;748681566,submitted by Wellcome Sanger Institute ,NA,ERX284455,Illumina HiSeq 2000,PAIRED,RANDOM,GENOMIC,Giardia intestinalis,ILLUMINA,NA,SC_RUN_8441_8#5,ERP001716,5742483,unknown,unknown,unknown,unknown,SC_EXP_8441_8#5,NA,NA,NA,NA,NA,NA,NA,NA,NA,ERX284455_ERR311174,NA,ERA237528,7804981.0,False,unknown,unknown,NA,NA,NA,NA,NA
ERR311176,ERR311176,WGS,NA,550728000,PRJEB3213,SAMEA2020285,240667395;256985268,submitted by Wellcome Sanger Institute ,NA,ERX284457,Illumina HiSeq 2000,PAIRED,RANDOM,GENOMIC,Giardia intestinalis,ILLUMINA,NA,SC_RUN_8441_8#7,ERP001716,5742485,unknown,unknown,unknown,unknown,SC_EXP_8441_8#7,NA,NA,NA,NA,NA,NA,NA,NA,NA,ERX284457_ERR311176,NA,ERA237528,2753640.0,False,unknown,unknown,NA,NA,NA,NA,NA
ERR311179,ERR311179,WGS,NA,1181564000,PRJEB3213,SAMEA2020286,524030166;559542910,submitted by Wellcome Sanger Institute ,NA,ERX284460,Illumina HiSeq 2000,PAIRED,RANDOM,GENOMIC,Giardia intestinalis,ILLUMINA,NA,SC_RUN_8441_8#10,ERP001716,5742488,unknown,unknown,unknown,unknown,SC_EXP_8441_8#10,NA,NA,NA,NA,NA,NA,NA,NA,NA,ERX284460_ERR311179,NA,ERA237528,5907820.0,False,unknown,unknown,NA,NA,NA,NA,NA
ERR311189,ERR311189,WGS,NA,763239600,PRJEB3213,SAMEA2033330,305563881;334996778,submitted by Wellcome Sanger Institute ,NA,ERX284470,Illumina MiSeq,PAIRED,RANDOM,GENOMIC,Giardia intestinalis,ILLUMINA,NA,SC_RUN_8945_1#5,ERP001716,6141437,unknown,unknown,unknown,unknown,SC_EXP_8945_1#5,NA,NA,NA,NA,NA,NA,NA,NA,NA,ERX284470_ERR311189,NA,ERA237528,2544132.0,False,unknown,unknown,NA,NA,NA,NA,NA
ERR311187,ERR311187,WGS,NA,553985400,PRJEB3213,SAMEA2033331,226473816;245920481,submitted by Wellcome Sanger Institute ,NA,ERX284468,Illumina MiSeq,PAIRED,RANDOM,GENOMIC,Giardia intestinalis,ILLUMINA,NA,SC_RUN_8945_1#3,ERP001716,6141435,unknown,unknown,unknown,unknown,SC_EXP_8945_1#3,NA,NA,NA,NA,NA,NA,NA,NA,NA,ERX284468_ERR311187,NA,ERA237528,1846618.0,False,unknown,unknown,NA,NA,NA,NA,NA
ERR311188,ERR311188,WGS,NA,617016600,PRJEB3213,SAMEA2035757,244528597;262857844,submitted by Wellcome Sanger Institute ,NA,ERX284469,Illumina MiSeq,PAIRED,RANDOM,GENOMIC,Giardia intestinalis,ILLUMINA,NA,SC_RUN_8945_1#4,ERP001716,6141436,unknown,unknown,unknown,unknown,SC_EXP_8945_1#4,NA,NA,NA,NA,NA,NA,NA,NA,NA,ERX284469_ERR311188,NA,ERA237528,2056722.0,False,unknown,unknown,NA,NA,NA,NA,NA
ERR311185,ERR311185,WGS,NA,777974400,PRJEB3213,SAMEA2035758,312973719;339268726,submitted by Wellcome Sanger Institute ,NA,ERX284466,Illumina MiSeq,PAIRED,RANDOM,GENOMIC,Giardia intestinalis,ILLUMINA,NA,SC_RUN_8945_1#1,ERP001716,6141433,unknown,unknown,unknown,unknown,SC_EXP_8945_1#1,NA,NA,NA,NA,NA,NA,NA,NA,NA,ERX284466_ERR311185,NA,ERA237528,2593248.0,False,unknown,unknown,NA,NA,NA,NA,NA
ERR311190,ERR311190,WGS,NA,543245700,PRJEB3213,SAMEA2057584,175895912;198988775,submitted by Wellcome Sanger Institute ,NA,ERX284471,Illumina MiSeq,PAIRED,RANDOM,GENOMIC,Giardia intestinalis,ILLUMINA,NA,SC_RUN_9731_1#1,ERP001716,7144457,unknown,unknown,unknown,unknown,SC_EXP_9731_1#1,NA,NA,NA,NA,NA,NA,NA,NA,NA,ERX284471_ERR311190,NA,ERA237528,1810819.0,False,unknown,unknown,NA,NA,NA,NA,NA
ERR311191,ERR311191,WGS,NA,460713000,PRJEB3213,SAMEA2057585,151829616;182672866,submitted by Wellcome Sanger Institute ,NA,ERX284472,Illumina MiSeq,PAIRED,RANDOM,GENOMIC,Giardia intestinalis,ILLUMINA,NA,SC_RUN_9731_1#2,ERP001716,7144458,unknown,unknown,unknown,unknown,SC_EXP_9731_1#2,NA,NA,NA,NA,NA,NA,NA,NA,NA,ERX284472_ERR311191,NA,ERA237528,1535710.0,False,unknown,unknown,NA,NA,NA,NA,NA
ERR311192,ERR311192,WGS,NA,383862600,PRJEB3213,SAMEA2057586,128847000;148390979,submitted by Wellcome Sanger Institute ,NA,ERX284473,Illumina MiSeq,PAIRED,RANDOM,GENOMIC,Giardia intestinalis,ILLUMINA,NA,SC_RUN_9731_1#3,ERP001716,7144459,unknown,unknown,unknown,unknown,SC_EXP_9731_1#3,NA,NA,NA,NA,NA,NA,NA,NA,NA,ERX284473_ERR311192,NA,ERA237528,1279542.0,False,unknown,unknown,NA,NA,NA,NA,NA
ERR311193,ERR311193,WGS,NA,505570800,PRJEB3213,SAMEA2057587,165354504;187981207,submitted by Wellcome Sanger Institute ,NA,ERX284474,Illumina MiSeq,PAIRED,RANDOM,GENOMIC,Giardia intestinalis,ILLUMINA,NA,SC_RUN_9731_1#4,ERP001716,7144460,unknown,unknown,unknown,unknown,SC_EXP_9731_1#4,NA,NA,NA,NA,NA,NA,NA,NA,NA,ERX284474_ERR311193,NA,ERA237528,1685236.0,False,unknown,unknown,NA,NA,NA,NA,NA
ERR311194,ERR311194,WGS,NA,444436800,PRJEB3213,SAMEA2057588,144419719;166126167,submitted by Wellcome Sanger Institute ,NA,ERX284475,Illumina MiSeq,PAIRED,RANDOM,GENOMIC,Giardia intestinalis,ILLUMINA,NA,SC_RUN_9731_1#5,ERP001716,7144461,unknown,unknown,unknown,unknown,SC_EXP_9731_1#5,NA,NA,NA,NA,NA,NA,NA,NA,NA,ERX284475_ERR311194,NA,ERA237528,1481456.0,False,unknown,unknown,NA,NA,NA,NA,NA
ERR311195,ERR311195,WGS,NA,435823200,PRJEB3213,SAMEA2057589,142576460;166214746,submitted by Wellcome Sanger Institute ,NA,ERX284476,Illumina MiSeq,PAIRED,RANDOM,GENOMIC,Giardia intestinalis,ILLUMINA,NA,SC_RUN_9731_1#6,ERP001716,7144462,unknown,unknown,unknown,unknown,SC_EXP_9731_1#6,NA,NA,NA,NA,NA,NA,NA,NA,NA,ERX284476_ERR311195,NA,ERA237528,1452744.0,False,unknown,unknown,NA,NA,NA,NA,NA
ERR311196,ERR311196,WGS,NA,304738800,PRJEB3213,SAMEA2057590,110463379;124346010,submitted by Wellcome Sanger Institute ,NA,ERX284477,Illumina MiSeq,PAIRED,RANDOM,GENOMIC,Giardia intestinalis,ILLUMINA,NA,SC_RUN_9740_1#7,ERP001716,7144463,unknown,unknown,unknown,unknown,SC_EXP_9740_1#7,NA,NA,NA,NA,NA,NA,NA,NA,NA,ERX284477_ERR311196,NA,ERA237528,1015796.0,False,unknown,unknown,NA,NA,NA,NA,NA
ERR311197,ERR311197,WGS,NA,290733900,PRJEB3213,SAMEA2057591,105932227;117464183,submitted by Wellcome Sanger Institute ,NA,ERX284478,Illumina MiSeq,PAIRED,RANDOM,GENOMIC,Giardia intestinalis,ILLUMINA,NA,SC_RUN_9740_1#8,ERP001716,7144464,unknown,unknown,unknown,unknown,SC_EXP_9740_1#8,NA,NA,NA,NA,NA,NA,NA,NA,NA,ERX284478_ERR311197,NA,ERA237528,969113.0,False,unknown,unknown,NA,NA,NA,NA,NA
ERR311198,ERR311198,WGS,NA,288153600,PRJEB3213,SAMEA2057592,103816059;116055585,submitted by Wellcome Sanger Institute ,NA,ERX284479,Illumina MiSeq,PAIRED,RANDOM,GENOMIC,Giardia intestinalis,ILLUMINA,NA,SC_RUN_9740_1#9,ERP001716,7144465,unknown,unknown,unknown,unknown,SC_EXP_9740_1#9,NA,NA,NA,NA,NA,NA,NA,NA,NA,ERX284479_ERR311198,NA,ERA237528,960512.0,False,unknown,unknown,NA,NA,NA,NA,NA
ERR311199,ERR311199,WGS,NA,267725700,PRJEB3213,SAMEA2057593,98416785;109076172,submitted by Wellcome Sanger Institute ,NA,ERX284480,Illumina MiSeq,PAIRED,RANDOM,GENOMIC,Giardia intestinalis,ILLUMINA,NA,SC_RUN_9740_1#10,ERP001716,7144466,unknown,unknown,unknown,unknown,SC_EXP_9740_1#10,NA,NA,NA,NA,NA,NA,NA,NA,NA,ERX284480_ERR311199,NA,ERA237528,892419.0,False,unknown,unknown,NA,NA,NA,NA,NA
ERR311200,ERR311200,WGS,NA,321809400,PRJEB3213,SAMEA2057594,117436123;131765987,submitted by Wellcome Sanger Institute ,NA,ERX284481,Illumina MiSeq,PAIRED,RANDOM,GENOMIC,Giardia intestinalis,ILLUMINA,NA,SC_RUN_9740_1#11,ERP001716,7144467,unknown,unknown,unknown,unknown,SC_EXP_9740_1#11,NA,NA,NA,NA,NA,NA,NA,NA,NA,ERX284481_ERR311200,NA,ERA237528,1072698.0,False,unknown,unknown,NA,NA,NA,NA,NA
ERR311214,ERR311214,WGS,NA,1958541300,PRJEB3213,SAMEA2064494,639190626;724830429,submitted by Wellcome Sanger Institute ,NA,ERX284495,Illumina MiSeq,PAIRED,RANDOM,GENOMIC,Giardia intestinalis,ILLUMINA,NA,SC_RUN_9804_1#5,ERP001716,7286711,unknown,unknown,unknown,unknown,SC_EXP_9804_1#5,NA,NA,NA,NA,NA,NA,NA,NA,NA,ERX284495_ERR311214,NA,ERA237528,6528471.0,False,unknown,unknown,NA,NA,NA,NA,NA
ERR311216,ERR311216,WGS,NA,1211065800,PRJEB3213,SAMEA2064495,329715143;390904597,submitted by Wellcome Sanger Institute ,NA,ERX284497,Illumina MiSeq,PAIRED,RANDOM,GENOMIC,Giardia intestinalis,ILLUMINA,NA,SC_RUN_9804_1#7,ERP001716,7286713,unknown,unknown,unknown,unknown,SC_EXP_9804_1#7,NA,NA,NA,NA,NA,NA,NA,NA,NA,ERX284497_ERR311216,NA,ERA237528,4036886.0,False,unknown,unknown,NA,NA,NA,NA,NA
ERR311217,ERR311217,WGS,NA,159330000,PRJEB3213,SAMEA2064496,57045557;61476096,submitted by Wellcome Sanger Institute ,NA,ERX284498,Illumina MiSeq,PAIRED,RANDOM,GENOMIC,Giardia intestinalis,ILLUMINA,NA,SC_RUN_9804_1#8,ERP001716,7286714,unknown,unknown,unknown,unknown,SC_EXP_9804_1#8,NA,NA,NA,NA,NA,NA,NA,NA,NA,ERX284498_ERR311217,NA,ERA237528,531100.0,False,unknown,unknown,NA,NA,NA,NA,NA
ERR311215,ERR311215,WGS,NA,1850118000,PRJEB3213,SAMEA2066657,602588693;689927515,submitted by Wellcome Sanger Institute ,NA,ERX284496,Illumina MiSeq,PAIRED,RANDOM,GENOMIC,Giardia intestinalis,ILLUMINA,NA,SC_RUN_9804_1#6,ERP001716,7286712,unknown,unknown,unknown,unknown,SC_EXP_9804_1#6,NA,NA,NA,NA,NA,NA,NA,NA,NA,ERX284496_ERR311215,NA,ERA237528,6167060.0,False,unknown,unknown,NA,NA,NA,NA,NA
ERR422653,ERR422653,WGS,NA,463644000,PRJEB3213,SAMEA2248445,153311340;168435454,submitted by Wellcome Sanger Institute ,NA,ERX388946,Illumina MiSeq,PAIRED,RANDOM,GENOMIC,Giardia intestinalis,ILLUMINA,NA,SC_RUN_11655_1#5,ERP001716,8637076,unknown,unknown,unknown,unknown,SC_EXP_11655_1#5,NA,NA,NA,NA,NA,NA,NA,NA,NA,ERX388946_ERR422653,NA,ERA283716,3090960.0,False,unknown,unknown,NA,NA,NA,NA,NA
ERR422654,ERR422654,WGS,NA,535994400,PRJEB3213,SAMEA2248446,176566301;193009833,submitted by Wellcome Sanger Institute ,NA,ERX388947,Illumina MiSeq,PAIRED,RANDOM,GENOMIC,Giardia intestinalis,ILLUMINA,NA,SC_RUN_11655_1#6,ERP001716,8637077,unknown,unknown,unknown,unknown,SC_EXP_11655_1#6,NA,NA,NA,NA,NA,NA,NA,NA,NA,ERX388947_ERR422654,NA,ERA283716,3573296.0,False,unknown,unknown,NA,NA,NA,NA,NA
ERR422655,ERR422655,WGS,NA,456847500,PRJEB3213,SAMEA2248447,145583408;162425637,submitted by Wellcome Sanger Institute ,NA,ERX388948,Illumina MiSeq,PAIRED,RANDOM,GENOMIC,Giardia intestinalis,ILLUMINA,NA,SC_RUN_11655_1#7,ERP001716,8637078,unknown,unknown,unknown,unknown,SC_EXP_11655_1#7,NA,NA,NA,NA,NA,NA,NA,NA,NA,ERX388948_ERR422655,NA,ERA283716,3045650.0,False,unknown,unknown,NA,NA,NA,NA,NA
ERR422656,ERR422656,WGS,NA,493002300,PRJEB3213,SAMEA2248448,161326150;175414094,submitted by Wellcome Sanger Institute ,NA,ERX388949,Illumina MiSeq,PAIRED,RANDOM,GENOMIC,Giardia intestinalis,ILLUMINA,NA,SC_RUN_11655_1#8,ERP001716,8637079,unknown,unknown,unknown,unknown,SC_EXP_11655_1#8,NA,NA,NA,NA,NA,NA,NA,NA,NA,ERX388949_ERR422656,NA,ERA283716,3286682.0,False,unknown,unknown,NA,NA,NA,NA,NA
ERR422657,ERR422657,WGS,NA,574608000,PRJEB3213,SAMEA2248449,182937560;201410586,submitted by Wellcome Sanger Institute ,NA,ERX388950,Illumina MiSeq,PAIRED,RANDOM,GENOMIC,Giardia intestinalis,ILLUMINA,NA,SC_RUN_11655_1#9,ERP001716,8637080,unknown,unknown,unknown,unknown,SC_EXP_11655_1#9,NA,NA,NA,NA,NA,NA,NA,NA,NA,ERX388950_ERR422657,NA,ERA283716,3830720.0,False,unknown,unknown,NA,NA,NA,NA,NA
ERR422658,ERR422658,WGS,NA,473008800,PRJEB3213,SAMEA2248450,154708235;171073446,submitted by Wellcome Sanger Institute ,NA,ERX388951,Illumina MiSeq,PAIRED,RANDOM,GENOMIC,Giardia intestinalis,ILLUMINA,NA,SC_RUN_11655_1#10,ERP001716,8637081,unknown,unknown,unknown,unknown,SC_EXP_11655_1#10,NA,NA,NA,NA,NA,NA,NA,NA,NA,ERX388951_ERR422658,NA,ERA283716,3153392.0,False,unknown,unknown,NA,NA,NA,NA,NA
ERR422659,ERR422659,WGS,NA,424339500,PRJEB3213,SAMEA2250360,139357950;157226800,submitted by Wellcome Sanger Institute ,NA,ERX388952,Illumina MiSeq,PAIRED,RANDOM,GENOMIC,Giardia intestinalis,ILLUMINA,NA,SC_RUN_11655_1#11,ERP001716,8637075,unknown,unknown,unknown,unknown,SC_EXP_11655_1#11,NA,NA,NA,NA,NA,NA,NA,NA,NA,ERX388952_ERR422659,NA,ERA283716,2828930.0,False,unknown,unknown,NA,NA,NA,NA,NA
SRR1957167,SRR1957167,WGA,NA,1312474984,PRJNA280606,SAMN03447284,430308975;515574989,BCCDC,NA,SRX982617,Illumina MiSeq,PAIRED,unspecified,GENOMIC,Giardia intestinalis,ILLUMINA,NA,VANC/90/UBC/41,SRP056976,NA,1990,Canada,North America,BC,VANC/90/UBC/41,NA,NA,NA,NA,NA,NA,NA,NA,NA,SRX982617_SRR1957167,PRJNA9531,SRA249579,2614492.0,False,BC,1990,NA,NA,NA,NA,NA
SRR1957168,SRR1957168,WGA,NA,1591011190,PRJNA280606,SAMN03447285,546743265;624658727,BCCDC,NA,SRX982618,Illumina MiSeq,PAIRED,unspecified,GENOMIC,Giardia intestinalis,ILLUMINA,NA,VANC/90/UBC/42,SRP056976,NA,1990,Canada,North America,BC,VANC/90/UBC/42,NA,NA,NA,NA,NA,NA,NA,NA,NA,SRX982618_SRR1957168,PRJNA9531,SRA249579,3169345.0,False,BC,1990,NA,NA,NA,NA,NA
SRR1957169,SRR1957169,WGA,NA,1240666896,PRJNA280606,SAMN03447286,420290945;505157916,BCCDC,NA,SRX982619,Illumina MiSeq,PAIRED,unspecified,GENOMIC,Giardia intestinalis,ILLUMINA,NA,VANC/90/UBC/43,SRP056976,NA,1990,Canada,North America,BC,VANC/90/UBC/43,NA,NA,NA,NA,NA,NA,NA,NA,NA,SRX982619_SRR1957169,PRJNA9531,SRA249579,2471448.0,False,BC,1990,NA,NA,NA,NA,NA
SRR1957170,SRR1957170,WGA,NA,2961334646,PRJNA280606,SAMN03447287,1038402889;1140285283,BCCDC,NA,SRX982620,Illumina MiSeq,PAIRED,unspecified,GENOMIC,Giardia intestinalis,ILLUMINA,NA,VANC/90/UBC/45,SRP056976,NA,1990,Canada,North America,BC,VANC/90/UBC/45,NA,NA,NA,NA,NA,NA,NA,NA,NA,SRX982620_SRR1957170,PRJNA9531,SRA249579,5899073.0,False,BC,1990,NA,NA,NA,NA,NA
SRR1957171,SRR1957171,WGA,NA,886505394,PRJNA280606,SAMN03447288,322489131;369478625,BCCDC,NA,SRX982621,Illumina MiSeq,PAIRED,unspecified,GENOMIC,Giardia intestinalis,ILLUMINA,NA,VANC/90/UBC/46,SRP056976,NA,1990,Canada,North America,BC,VANC/90/UBC/46,NA,NA,NA,NA,NA,NA,NA,NA,NA,SRX982621_SRR1957171,PRJNA9531,SRA249579,1765947.0,False,BC,1990,NA,NA,NA,NA,NA
SRR1957172,SRR1957172,WGA,NA,1781545792,PRJNA280606,SAMN03447289,630576998;765800821,BCCDC,NA,SRX982622,Illumina MiSeq,PAIRED,unspecified,GENOMIC,Giardia intestinalis,ILLUMINA,NA,VANC/90/UBC/49,SRP056976,NA,1990,Canada,North America,BC,VANC/90/UBC/49,NA,NA,NA,NA,NA,NA,NA,NA,NA,SRX982622_SRR1957172,PRJNA9531,SRA249579,3548896.0,False,BC,1990,NA,NA,NA,NA,NA
SRR1957173,SRR1957173,WGA,NA,1139547530,PRJNA280606,SAMN03447290,401169043;472534871,BCCDC,NA,SRX982623,Illumina MiSeq,PAIRED,unspecified,GENOMIC,Giardia intestinalis,ILLUMINA,NA,VANC/90/UBC/50,SRP056976,NA,1990,Canada,North America,BC,VANC/90/UBC/50,NA,NA,NA,NA,NA,NA,NA,NA,NA,SRX982623_SRR1957173,PRJNA9531,SRA249579,2270015.0,False,BC,1990,NA,NA,NA,NA,NA
SRR1957174,SRR1957174,WGA,NA,1698032068,PRJNA280606,SAMN03447291,586718812;646098029,BCCDC,NA,SRX982624,Illumina MiSeq,PAIRED,unspecified,GENOMIC,Giardia intestinalis,ILLUMINA,NA,VANC/90/UBC/52,SRP056976,NA,1990,Canada,North America,BC,VANC/90/UBC/52,NA,NA,NA,NA,NA,NA,NA,NA,NA,SRX982624_SRR1957174,PRJNA9531,SRA249579,3382534.0,False,BC,1990,NA,NA,NA,NA,NA
SRR1957175,SRR1957175,WGA,NA,836955986,PRJNA280606,SAMN03447292,277443147;342213997,BCCDC,NA,SRX982625,Illumina MiSeq,PAIRED,unspecified,GENOMIC,Giardia intestinalis,ILLUMINA,NA,VANC/90/UBC/71,SRP056976,NA,1990,Canada,North America,BC,VANC/90/UBC/71,NA,NA,NA,NA,NA,NA,NA,NA,NA,SRX982625_SRR1957175,PRJNA9531,SRA249579,1667243.0,False,BC,1990,NA,NA,NA,NA,NA
SRR1957176,SRR1957176,WGA,NA,1519421472,PRJNA280606,SAMN03447293,559658138;589696894,BCCDC,NA,SRX982626,Illumina MiSeq,PAIRED,unspecified,GENOMIC,Giardia intestinalis,ILLUMINA,NA,VANC/90/UBC/40,SRP056976,NA,1990,Canada,North America,BC,VANC/90/UBC/40,NA,NA,NA,NA,NA,NA,NA,NA,NA,SRX982626_SRR1957176,PRJNA9531,SRA249579,3026736.0,False,BC,1990,NA,NA,NA,NA,NA
SRR1957177,SRR1957177,WGA,NA,1618642274,PRJNA280606,SAMN03447294,542174978;641841311,BCCDC,NA,SRX982627,Illumina MiSeq,PAIRED,unspecified,GENOMIC,Giardia intestinalis,ILLUMINA,NA,VANC/90/UBC/44,SRP056976,NA,1990,Canada,North America,BC,VANC/90/UBC/44,NA,NA,NA,NA,NA,NA,NA,NA,NA,SRX982627_SRR1957177,PRJNA9531,SRA249579,3224387.0,False,BC,1990,NA,NA,NA,NA,NA
SRR1957178,SRR1957178,WGA,NA,421299484,PRJNA280606,SAMN03447295,142687574;171245698,BCCDC,NA,SRX982628,Illumina MiSeq,PAIRED,unspecified,GENOMIC,Giardia intestinalis,ILLUMINA,NA,VANC/90/UBC/60,SRP056976,NA,1990,Canada,North America,BC,VANC/90/UBC/60,NA,NA,NA,NA,NA,NA,NA,NA,NA,SRX982628_SRR1957178,PRJNA9531,SRA249579,839242.0,False,BC,1990,NA,NA,NA,NA,NA
SRR2168393,SRR2168393,WGS,NA,1711749720,PRJNA280606,SAMN03981846,609064368;667576528,BCCDC,NA,SRX1144605,Illumina MiSeq,PAIRED,unspecified,GENOMIC,Giardia intestinalis,ILLUMINA,NA,Goat River Beaver UBC53_merged,SRP056976,VANC/90/UBC/53,1990,Canada,North America,BC,VANC/90/UBC/53,NA,NA,NA,NA,NA,NA,NA,NA,NA,SRX1144605_SRR2168393,PRJNA9531,SRA289039,3409860.0,False,BC,1990,1990-03-28,Goat River,"BC, CANADA",BEAVER,Sporadic
SRR2158266,SRR2158266,WGS,NA,788939686,PRJNA280606,SAMN03981847,291320180;321555498,BCCDC,NA,SRX1154245,Illumina MiSeq,PAIRED,unspecified,GENOMIC,Giardia intestinalis,ILLUMINA,NA,Goat River  beaver BV17,SRP056976,VANC/90/UBC/56,1990,Canada,North America,BC,VANC/90/UBC/56,NA,NA,NA,NA,NA,NA,NA,NA,NA,SRX1154245_SRR2158266,PRJNA9531,SRA289039,1571593.0,False,BC,1990,1990-04-10,Goat River,"BC, CANADA",BEAVER,Sporadic
SRR3177738,SRR3177738,WGS,NA,2158829916,PRJNA280606,SAMN04494398,725622607;822297293,BCCDC,NA,SRX1592101,Illumina MiSeq,PAIRED,RANDOM,GENOMIC,Giardia intestinalis,ILLUMINA,NA,ATCC30888_13_L001_R1_001.fastq,SRP056976,ATCC30888:13,1985,Not Applicable,Not Applicable,ATCC-OREGON,ATCC:30888,NA,NA,NA,NA,NA,NA,NA,NA,NA,SRX1592101_SRR3177738,PRJNA9531,SRA355098,4300458.0,False,ATCC-OREGON,1985,NA,NA,NA,NA,NA
SRR3177739,SRR3177739,WGS,NA,924922450,PRJNA280606,SAMN04494399,396303106;394294973,BCCDC,NA,SRX1592162,Illumina MiSeq,PAIRED,RANDOM,GENOMIC,Giardia intestinalis,ILLUMINA,NA,ATCC50830_120_3_R1_001.fastq,SRP056976,ATCC50830:120_3,2014,Not Applicable,Not Applicable,ATCC-MARYLAND,ATCC:50830,NA,NA,NA,NA,NA,NA,NA,NA,NA,SRX1592162_SRR3177739,PRJNA9531,SRA355098,1842475.0,False,ATCC-MARYLAND,2014,NA,NA,NA,NA,NA
SRR3177751,SRR3177751,WGS,NA,1323627918,PRJNA280606,SAMN04494400,567462866;562121712,BCCDC,NA,SRX1592224,Illumina MiSeq,PAIRED,RANDOM,GENOMIC,Giardia intestinalis,ILLUMINA,NA,ATCC50163_89_R2_001.fastq,SRP056976,ATCC50163:89,1992,Not Applicable,Not Applicable,ATCC-PENNSYLVANIA,ATCC:50163,NA,NA,NA,NA,NA,NA,NA,NA,NA,SRX1592224_SRR3177751,PRJNA9531,SRA355098,2636709.0,False,ATCC-PENNSYLVANIA,1992,NA,NA,NA,NA,NA
SRR3177775,SRR3177775,WGS,NA,948236334,PRJNA280606,SAMN04494401,404201685;393628431,BCCDC,NA,SRX1592320,Illumina MiSeq,PAIRED,RANDOM,GENOMIC,Giardia intestinalis,ILLUMINA,NA,ATCC50170_93_R2_001.fastq,SRP056976,ATCC50170:93,1992,Not Applicable,Not Applicable,ATCC-WINSCONSIN,ATCC:50170,NA,NA,NA,NA,NA,NA,NA,NA,NA,SRX1592320_SRR3177775,PRJNA9531,SRA355098,1888917.0,False,ATCC-WINSCONSIN,1992,NA,NA,NA,NA,NA
SRR3177890,SRR3177890,WGS,NA,1186488044,PRJNA280606,SAMN04494402,404837710;476892413,BCCDC,NA,SRX1592340,Illumina MiSeq,PAIRED,RANDOM,GENOMIC,Giardia intestinalis,ILLUMINA,NA,B5_19_L001_R2_001.fastq,SRP056976,B5/19,1987,Canada,North America,AB,B5/19,NA,NA,NA,NA,NA,NA,NA,NA,NA,SRX1592340_SRR3177890,PRJNA9531,SRA355098,2363522.0,False,AB,1987,1987-07-31,Calgary,"AB, CANADA",BEAVER,Sporadic
SRR3177932,SRR3177932,WGS,NA,718218788,PRJNA280606,SAMN04494403,248802611;247306135,BCCDC,NA,SRX1592352,Illumina MiSeq,PAIRED,RANDOM,GENOMIC,Giardia intestinalis,ILLUMINA,NA,BE_1_IP_0482:1_15_L001_R1_001.fastq,SRP056976,BE-1(IP-0482:1)/15,1985,Canada,North America,AB,BE-1(IP-0482:1)/15,NA,NA,NA,NA,NA,NA,NA,NA,NA,SRX1592352_SRR3177932,PRJNA9531,SRA355098,1508863.0,False,AB,1985,1985-06-08,Banff,"AB, CANADA",BEAVER,Sporadic
SRR3177951,SRR3177951,WGS,NA,987563014,PRJNA280606,SAMN04494404,400702636;400595169,BCCDC,NA,SRX1592392,Illumina MiSeq,PAIRED,RANDOM,GENOMIC,Giardia intestinalis,ILLUMINA,NA,BE_2_IPO583:1_14_R2_001.fastq,SRP056976,BE-2(IPO583:1)/14,1985,Canada,North America,AB,BE-2(IPO583:1)/14,NA,NA,NA,NA,NA,NA,NA,NA,NA,SRX1592392_SRR3177951,PRJNA9531,SRA355098,1967257.0,False,AB,1985,1985-06-08,Banff,"AB, CANADA",BEAVER,Sporadic
SRR3178010,SRR3178010,WGS,NA,1018958094,PRJNA280606,SAMN04494405,438818624;426365526,BCCDC,NA,SRX1592426,Illumina MiSeq,PAIRED,RANDOM,GENOMIC,Giardia intestinalis,ILLUMINA,NA,BTW_109_R1_001.fastq,SRP056976,BTW/109,1993,Canada,North America,NFL,BTW/109,NA,NA,NA,NA,NA,NA,NA,NA,NA,SRX1592426_SRR3178010,PRJNA9531,SRA355098,2029797.0,False,NFL,1993,1993-06-01,Botwood,"NL, CANADA",WATER,5
SRR3178017,SRR3178017,WGS,NA,716771664,PRJNA280606,SAMN04494406,305606006;298373364,BCCDC,NA,SRX1592437,Illumina MiSeq,PAIRED,RANDOM,GENOMIC,Giardia intestinalis,ILLUMINA,NA,CB2_108_R2_001.fastq,SRP056976,CB2/108,1993,Canada,North America,NFL,CB2/108,NA,NA,NA,NA,NA,NA,NA,NA,NA,SRX1592437_SRR3178017,PRJNA9531,SRA355098,1427832.0,False,NFL,1993,1993-06-01,Cornerbrook,"NL, CANADA",WATER,5
SRR3178018,SRR3178018,WGS,NA,967777186,PRJNA280606,SAMN04494407,339862074;415349931,BCCDC,NA,SRX1592440,Illumina MiSeq,PAIRED,RANDOM,GENOMIC,Giardia intestinalis,ILLUMINA,NA,D3_18_L001_R2_001.fastq,SRP056976,D3/18,1987,Canada,North America,AB,D3/18,NA,NA,NA,NA,NA,NA,NA,NA,NA,SRX1592440_SRR3178018,PRJNA9531,SRA355098,1927843.0,False,AB,1987,1987-07-31,Calgary,"AB, CANADA",DOG,Sporadic
SRR3177740,SRR3177740,WGS,NA,2150612176,PRJNA280606,SAMN04494408,873937856;855258804,BCCDC,NA,SRX1592163,Illumina MiSeq,PAIRED,RANDOM,GENOMIC,Giardia intestinalis,ILLUMINA,NA,HAMILTON7_75_R1_001.fastq,SRP056976,HAMILTON7/75,1991,New Zealand,North America,NEW ZEALAND,HAMILTON7/75,NA,NA,NA,NA,NA,NA,NA,NA,NA,SRX1592163_SRR3177740,PRJNA9531,SRA355098,4284088.0,False,NEW ZEALAND,1991,1991-06-19,Hamilton,"North Island, NEW ZEALAND",HUMAN,Sporadic
SRR3177741,SRR3177741,WGS,NA,1028956428,PRJNA280606,SAMN04494409,441889323;425088673,BCCDC,NA,SRX1592164,Illumina MiSeq,PAIRED,RANDOM,GENOMIC,Giardia intestinalis,ILLUMINA,NA,HAMILTON84_76_R2_001.fastq,SRP056976,HAMILTON84/76,1991,New Zealand,North America,NEW ZEALAND,HAMILTON84/76,NA,NA,NA,NA,NA,NA,NA,NA,NA,SRX1592164_SRR3177741,PRJNA9531,SRA355098,2049714.0,False,NEW ZEALAND,1991,1991-06-19,Hamilton,"North Island, NEW ZEALAND",HUMAN,Sporadic
SRR3177742,SRR3177742,WGS,NA,860087256,PRJNA280606,SAMN04494410,313460757;317796143,BCCDC,NA,SRX1592165,Illumina MiSeq,PAIRED,RANDOM,GENOMIC,Giardia intestinalis,ILLUMINA,NA,MONASTASHE_6_L001_R2_001.fastq,SRP056976,MONASTASHE/6,1986,USA,North America,USA,MONASTASHE/6,NA,NA,NA,NA,NA,NA,NA,NA,NA,SRX1592165_SRR3177742,PRJNA9531,SRA355098,1806906.0,False,USA,1986,1986-09-01,Monastashe River,"WA, USA",BEAVER,Sporadic
SRR3177743,SRR3177743,WGS,NA,1155481010,PRJNA280606,SAMN04494411,488540026;478914161,BCCDC,NA,SRX1592166,Illumina MiSeq,PAIRED,RANDOM,GENOMIC,Giardia intestinalis,ILLUMINA,NA,S1_16_R1_001.fastq,SRP056976,S1/16,1987,Canada,North America,AB,S1/16,NA,NA,NA,NA,NA,NA,NA,NA,NA,SRX1592166_SRR3177743,PRJNA9531,SRA355098,2301755.0,False,AB,1987,1987-07-31,near Strathmore,"AB, CANADA",SHEEP,Sporadic
SRR3177744,SRR3177744,WGS,NA,842033052,PRJNA280606,SAMN04494412,321741378;292657222,BCCDC,NA,SRX1592171,Illumina MiSeq,PAIRED,RANDOM,GENOMIC,Giardia intestinalis,ILLUMINA,NA,VANC_85_UBC_1_L001_R1_001.fastq,SRP056976,VANC/85/UBC/1,1985,Canada,North America,BC,VANC/85/UBC/1,NA,NA,NA,NA,NA,NA,NA,NA,NA,SRX1592171_SRR3177744,PRJNA9531,SRA355098,1768977.0,False,BC,1985,1985-02-07,Hornby Island,"BC, CANADA",HUMAN,Sporadic
SRR3177745,SRR3177745,WGS,NA,1301523854,PRJNA280606,SAMN04494413,439899805;523305903,BCCDC,NA,SRX1592177,Illumina MiSeq,PAIRED,RANDOM,GENOMIC,Giardia intestinalis,ILLUMINA,NA,VANC_85_UBC_2_L001_R2_001.fastq,SRP056976,VANC/85/UBC/2,1985,Canada,North America,BC,VANC/85/UBC/2,NA,NA,NA,NA,NA,NA,NA,NA,NA,SRX1592177_SRR3177745,PRJNA9531,SRA355098,2592677.0,False,BC,1985,1985-03-14,Smithers,"BC, CANADA",HUMAN,Sporadic
SRR3177746,SRR3177746,WGS,NA,2206780454,PRJNA280606,SAMN04494414,746527600;883373986,BCCDC,NA,SRX1592186,Illumina MiSeq,PAIRED,RANDOM,GENOMIC,Giardia intestinalis,ILLUMINA,NA,VANC_85_UBC_5_L001_R2_001.fastq,SRP056976,VANC/85/UBC/5,1985,Canada,North America,BC,VANC/85/UBC/5,NA,NA,NA,NA,NA,NA,NA,NA,NA,SRX1592186_SRR3177746,PRJNA9531,SRA355098,4395977.0,False,BC,1985,1985-03-26,Coquitlam,"BC, CANADA",HUMAN,Sporadic
SRR3177747,SRR3177747,WGS,NA,1365085588,PRJNA280606,SAMN04494415,471157379;537613507,BCCDC,NA,SRX1592196,Illumina MiSeq,PAIRED,RANDOM,GENOMIC,Giardia intestinalis,ILLUMINA,NA,VANC_85_UBC_7_L001_R2_001.fastq,SRP056976,VANC/85/UBC/7,1985,Canada,North America,BC,VANC/85/UBC/7,NA,NA,NA,NA,NA,NA,NA,NA,NA,SRX1592196_SRR3177747,PRJNA9531,SRA355098,2719294.0,False,BC,1985,1985-04-11,"Pantage Creek, Quesnel","BC, CANADA",BEAVER,Sporadic
SRR3177748,SRR3177748,WGS,NA,1580282446,PRJNA280606,SAMN04494416,560102539;650687211,BCCDC,NA,SRX1592207,Illumina MiSeq,PAIRED,RANDOM,GENOMIC,Giardia intestinalis,ILLUMINA,NA,VANC_85_UBC_9_L001_R2_001.fastq,SRP056976,VANC/85/UBC/9,1985,Canada,North America,BC,VANC/85/UBC/9,NA,NA,NA,NA,NA,NA,NA,NA,NA,SRX1592207_SRR3177748,PRJNA9531,SRA355098,3147973.0,False,BC,1985,1985-04-17,"Zimacord River, Terrace","BC, CANADA",BEAVER,Sporadic
SRR3177750,SRR3177750,WGS,NA,842820852,PRJNA280606,SAMN04494417,310652014;315149673,BCCDC,NA,SRX1592214,Illumina MiSeq,PAIRED,RANDOM,GENOMIC,Giardia intestinalis,ILLUMINA,NA,VANC_86_UBC_3_L001_R1_001.fastq,SRP056976,VANC/86/UBC/3,1986,Canada,North America,BC,VANC/86/UBC/3,NA,NA,NA,NA,NA,NA,NA,NA,NA,SRX1592214_SRR3177750,PRJNA9531,SRA355098,1678926.0,False,BC,1986,1986-09-11,Ashcroft,"BC, CANADA",HUMAN,Sporadic
SRR3177752,SRR3177752,WGS,NA,724299154,PRJNA280606,SAMN04494418,255512589;289754830,BCCDC,NA,SRX1592230,Illumina MiSeq,PAIRED,RANDOM,GENOMIC,Giardia intestinalis,ILLUMINA,NA,VANC_87_UBC_22_L001_R1_001.fastq,SRP056976,VANC/87/UBC/22,1987,Canada,North America,BC,VANC/87/UBC/22,NA,NA,NA,NA,NA,NA,NA,NA,NA,SRX1592230_SRR3177752,PRJNA9531,SRA355098,1442827.0,False,BC,1987,1987-10-01,North Vancouver,"BC, CANADA",HUMAN,Sporadic
SRR3177753,SRR3177753,WGS,NA,2192403676,PRJNA280606,SAMN04494419,772301278;827066194,BCCDC,NA,SRX1592245,Illumina MiSeq,PAIRED,RANDOM,GENOMIC,Giardia intestinalis,ILLUMINA,NA,VANC_87_UBC_23_L001_R2_001.fastq,SRP056976,VANC/87/UBC/23,1987,Canada,North America,BC,VANC/87/UBC/23,NA,NA,NA,NA,NA,NA,NA,NA,NA,SRX1592245_SRR3177753,PRJNA9531,SRA355098,4367338.0,False,BC,1987,1987-11-01,Prince George,"BC, CANADA",HUMAN,Sporadic
SRR3177754,SRR3177754,WGS,NA,1226354374,PRJNA280606,SAMN04494420,451848894;490509152,BCCDC,NA,SRX1592255,Illumina MiSeq,PAIRED,RANDOM,GENOMIC,Giardia intestinalis,ILLUMINA,NA,VANC_87_UBC_25_L001_R2_001.fastq,SRP056976,VANC/87/UBC/25,1987,Canada,North America,BC,VANC/87/UBC/25,NA,NA,NA,NA,NA,NA,NA,NA,NA,SRX1592255_SRR3177754,PRJNA9531,SRA355098,2442937.0,False,BC,1987,1987-10-03,Kelowna,"BC, CANADA",HUMAN,Sporadic
SRR3177755,SRR3177755,WGS,NA,1529174830,PRJNA280606,SAMN04494421,525296068;588384272,BCCDC,NA,SRX1592263,Illumina MiSeq,PAIRED,RANDOM,GENOMIC,Giardia intestinalis,ILLUMINA,NA,VANC_87_UBC_26_L001_R2_001.fastq,SRP056976,VANC/87/UBC/26,1987,Canada,North America,BC,VANC/87/UBC/26,NA,NA,NA,NA,NA,NA,NA,NA,NA,SRX1592263_SRR3177755,PRJNA9531,SRA355098,3046165.0,False,BC,1987,1987-11-04,Slocan River,"BC, CANADA",BEAVER,Sporadic
SRR3177757,SRR3177757,WGS,NA,850770022,PRJNA280606,SAMN04494422,358796905;367543960,BCCDC,NA,SRX1592271,Illumina MiSeq,PAIRED,RANDOM,GENOMIC,Giardia intestinalis,ILLUMINA,NA,VANC_87_UBC_27_L001_R1_001.fastq,SRP056976,VANC/87/UBC/27,1987,Canada,North America,BC,VANC/87/UBC/27,NA,NA,NA,NA,NA,NA,NA,NA,NA,SRX1592271_SRR3177757,PRJNA9531,SRA355098,1694761.0,False,BC,1987,1987-11-21,Aldergrove,"BC, CANADA",BEAVER,Sporadic
SRR3177759,SRR3177759,WGS,NA,1103813162,PRJNA280606,SAMN04494423,388646946;406936823,BCCDC,NA,SRX1592280,Illumina MiSeq,PAIRED,RANDOM,GENOMIC,Giardia intestinalis,ILLUMINA,NA,VANC_87_UBC_28_L001_R1_001.fastq,SRP056976,VANC/87/UBC/28,1987,Canada,North America,BC,VANC/87/UBC/28,NA,NA,NA,NA,NA,NA,NA,NA,NA,SRX1592280_SRR3177759,PRJNA9531,SRA355098,2198831.0,False,BC,1987,1987-12-01,Aldergrove,"BC, CANADA",BEAVER,Sporadic
SRR3177760,SRR3177760,WGS,NA,721983428,PRJNA280606,SAMN04494424,303011587;315116517,BCCDC,NA,SRX1592286,Illumina MiSeq,PAIRED,RANDOM,GENOMIC,Giardia intestinalis,ILLUMINA,NA,VANC_87_UBC_29_R1_001.fastq,SRP056976,VANC/87/UBC/29,1987,Canada,North America,BC,VANC/87/UBC/29,NA,NA,NA,NA,NA,NA,NA,NA,NA,SRX1592286_SRR3177760,PRJNA9531,SRA355098,1438214.0,False,BC,1987,1987-12-01,Aldergrove,"BC, CANADA",BEAVER,Sporadic
SRR3177763,SRR3177763,WGS,NA,1083399324,PRJNA280606,SAMN04494425,382800281;377471231,BCCDC,NA,SRX1592295,Illumina MiSeq,PAIRED,RANDOM,GENOMIC,Giardia intestinalis,ILLUMINA,NA,VANC_87_UBC_8_L001_R1_001.fastq,SRP056976,VANC/87/UBC/8,1987,Canada,North America,BC,VANC/87/UBC/8,NA,NA,NA,NA,NA,NA,NA,NA,NA,SRX1592295_SRR3177763,PRJNA9531,SRA355098,2276049.0,False,BC,1987,1987-08-08,North Vancouver,"BC, CANADA",HUMAN,Sporadic
SRR3177765,SRR3177765,WGS,NA,1349080322,PRJNA280606,SAMN04494426,531528360;573002775,BCCDC,NA,SRX1592307,Illumina MiSeq,PAIRED,RANDOM,GENOMIC,Giardia intestinalis,ILLUMINA,NA,VANC_88_UBC_34_L001_R1_001.fastq,SRP056976,VANC/88/UBC/34,1988,Canada,North America,BC,VANC/88/UBC/34,NA,NA,NA,NA,NA,NA,NA,NA,NA,SRX1592307_SRR3177765,PRJNA9531,SRA355098,2687411.0,False,BC,1988,1988-10-19,Vancouver,"BC, CANADA",HUMAN,Sporadic
SRR3177768,SRR3177768,WGS,NA,1041558636,PRJNA280606,SAMN04494427,380295386;366375010,BCCDC,NA,SRX1592314,Illumina MiSeq,PAIRED,RANDOM,GENOMIC,Giardia intestinalis,ILLUMINA,NA,VANC_88_UBC_35_L001_R1_001.fastq,SRP056976,VANC/88/UBC/35,1988,Canada,North America,BC,VANC/88/UBC/35,NA,NA,NA,NA,NA,NA,NA,NA,NA,SRX1592314_SRR3177768,PRJNA9531,SRA355098,2074818.0,False,BC,1988,1988-11-29,Vancouver,"BC, CANADA",HUMAN,Sporadic
SRR3177790,SRR3177790,WGS,NA,1525244170,PRJNA280606,SAMN04494428,498452981;561238595,BCCDC,NA,SRX1592323,Illumina MiSeq,PAIRED,RANDOM,GENOMIC,Giardia intestinalis,ILLUMINA,NA,VANC_89_UBC_33_L001_R2_001.fastq,SRP056976,VANC/89/UBC/33,1989,Canada,North America,BC,VANC/89/UBC/33,NA,NA,NA,NA,NA,NA,NA,NA,NA,SRX1592323_SRR3177790,PRJNA9531,SRA355098,3038335.0,False,BC,1989,1989-10-25,Vancouver,"BC, CANADA",HUMAN,Sporadic
SRR3177803,SRR3177803,WGS,NA,1805995200,PRJNA280606,SAMN04494429,638399441;686697308,BCCDC,NA,SRX1592325,Illumina MiSeq,PAIRED,RANDOM,GENOMIC,Giardia intestinalis,ILLUMINA,NA,VANC_89_UBC_36_L001_R1_001.fastq,SRP056976,VANC/89/UBC/36,1989,Canada,North America,BC,VANC/89/UBC/36,NA,NA,NA,NA,NA,NA,NA,NA,NA,SRX1592325_SRR3177803,PRJNA9531,SRA355098,3597600.0,False,BC,1989,1989-09-30,Oliver,"BC, CANADA",HUMAN,Sporadic
SRR3177805,SRR3177805,WGS,NA,675938482,PRJNA280606,SAMN04494430,267396989;294321892,BCCDC,NA,SRX1592328,Illumina MiSeq,PAIRED,RANDOM,GENOMIC,Giardia intestinalis,ILLUMINA,NA,VANC_89_UBC_37_L001_R1_001.fastq,SRP056976,VANC/89/UBC/37,1989,Canada,North America,BC,VANC/89/UBC/37,NA,NA,NA,NA,NA,NA,NA,NA,NA,SRX1592328_SRR3177805,PRJNA9531,SRA355098,1346491.0,False,BC,1989,1989-11-17,Kitimat,"BC, CANADA",HUMAN,3
SRR3177816,SRR3177816,WGS,NA,839581446,PRJNA280606,SAMN04494431,284297990;336199892,BCCDC,NA,SRX1592329,Illumina MiSeq,PAIRED,RANDOM,GENOMIC,Giardia intestinalis,ILLUMINA,NA,VANC_89_UBC_48_L001_R2_001.fastq,SRP056976,VANC/89/UBC/48,1989,Canada,North America,BC,VANC/89/UBC/48,NA,NA,NA,NA,NA,NA,NA,NA,NA,SRX1592329_SRR3177816,PRJNA9531,SRA355098,1672473.0,False,BC,1989,1989-12-20,Kitimat,"BC, CANADA",HUMAN,3
SRR3177826,SRR3177826,WGS,NA,688907150,PRJNA280606,SAMN04494432,240331255;278362061,BCCDC,NA,SRX1592330,Illumina MiSeq,PAIRED,RANDOM,GENOMIC,Giardia intestinalis,ILLUMINA,NA,VANC_89_UBC_59_L001_R2_001.fastq,SRP056976,VANC/89/UBC/59,1989,Canada,North America,BC,VANC/89/UBC/59,NA,NA,NA,NA,NA,NA,NA,NA,NA,SRX1592330_SRR3177826,PRJNA9531,SRA355098,1372325.0,False,BC,1989,1989-02-27,Nanaimo,"BC, CANADA",DOG,Sporadic
SRR3177835,SRR3177835,WGS,NA,930929382,PRJNA280606,SAMN04494433,333951694;382285409,BCCDC,NA,SRX1592331,Illumina MiSeq,PAIRED,RANDOM,GENOMIC,Giardia intestinalis,ILLUMINA,NA,VANC_90_UBC_47_L001_R2_001.fastq,SRP056976,VANC/90/UBC/47,1990,Canada,North America,BC,VANC/90/UBC/47,NA,NA,NA,NA,NA,NA,NA,NA,NA,SRX1592331_SRR3177835,PRJNA9531,SRA355098,1854441.0,False,BC,1990,1990-02-16,Kitimat,"BC, CANADA",HUMAN,3
SRR3177841,SRR3177841,WGS,NA,847572784,PRJNA280606,SAMN04494434,346639455;325283110,BCCDC,NA,SRX1592333,Illumina MiSeq,PAIRED,RANDOM,GENOMIC,Giardia intestinalis,ILLUMINA,NA,VANC_90_UBC_50_2_L001_R1_001.fastq,SRP056976,VANC/90/UBC/50_2,1990,Canada,North America,BC,VANC/90/UBC/50_2,NA,NA,NA,NA,NA,NA,NA,NA,NA,SRX1592333_SRR3177841,PRJNA9531,SRA355098,1688392.0,False,BC,1990,1990-03-03,Creston,"BC, CANADA",WATER,1
SRR3177858,SRR3177858,WGS,NA,1320179680,PRJNA280606,SAMN04494435,541545562;529167996,BCCDC,NA,SRX1592335,Illumina MiSeq,PAIRED,RANDOM,GENOMIC,Giardia intestinalis,ILLUMINA,NA,VANC_90_UBC_51_R1_001.fastq,SRP056976,VANC/90/UBC/51,1990,Canada,North America,BC,VANC/90/UBC/51,NA,NA,NA,NA,NA,NA,NA,NA,NA,SRX1592335_SRR3177858,PRJNA9531,SRA355098,2629840.0,False,BC,1990,1990-03-09,Kitimat,"BC, CANADA",WATER,3
SRR3177862,SRR3177862,WGS,NA,974742436,PRJNA280606,SAMN04494436,394461096;427859767,BCCDC,NA,SRX1592336,Illumina MiSeq,PAIRED,RANDOM,GENOMIC,Giardia intestinalis,ILLUMINA,NA,VANC_90_UBC_54_R2_001.fastq,SRP056976,VANC/90/UBC/54,1990,Canada,North America,BC,VANC/90/UBC/54,NA,NA,NA,NA,NA,NA,NA,NA,NA,SRX1592336_SRR3177862,PRJNA9531,SRA355098,1941718.0,False,BC,1990,1990-04-10,Goat River,"BC, CANADA",BEAVER,Sporadic
SRR3177873,SRR3177873,WGS,NA,740896278,PRJNA280606,SAMN04494437,286795270;301784915,BCCDC,NA,SRX1592338,Illumina MiSeq,PAIRED,RANDOM,GENOMIC,Giardia intestinalis,ILLUMINA,NA,VANC_90_UBC_55_L001_R1_001.fastq,SRP056976,VANC/90/UBC/55,1990,Canada,North America,BC,VANC/90/UBC/55,NA,NA,NA,NA,NA,NA,NA,NA,NA,SRX1592338_SRR3177873,PRJNA9531,SRA355098,1475889.0,False,BC,1990,1990-04-10,Goat River,"BC, CANADA",BEAVER,Sporadic
SRR3177900,SRR3177900,WGS,NA,611570034,PRJNA280606,SAMN04494438,215316856;259085672,BCCDC,NA,SRX1592341,Illumina MiSeq,PAIRED,RANDOM,GENOMIC,Giardia intestinalis,ILLUMINA,NA,VANC_90_UBC_57_L001_R1_001.fastq,SRP056976,VANC/90/UBC/57,1989,Canada,North America,BC,VANC/90/UBC/57,NA,NA,NA,NA,NA,NA,NA,NA,NA,SRX1592341_SRR3177900,PRJNA9531,SRA355098,1218267.0,False,BC,1989,1989-12-05,Bella Coola,"BC, CANADA",BEAVER,Sporadic
SRR3177903,SRR3177903,WGS,NA,916514954,PRJNA280606,SAMN04494439,314831026;355103982,BCCDC,NA,SRX1592343,Illumina MiSeq,PAIRED,RANDOM,GENOMIC,Giardia intestinalis,ILLUMINA,NA,VANC_90_UBC_58_L001_R2_001.fastq,SRP056976,VANC/90/UBC/58,1990,Canada,North America,BC,VANC/90/UBC/58,NA,NA,NA,NA,NA,NA,NA,NA,NA,SRX1592343_SRR3177903,PRJNA9531,SRA355098,1825727.0,False,BC,1990,1990-09-12,Mission Creek,"BC, CANADA",WATER,Sporadic
SRR3177917,SRR3177917,WGS,NA,1372724020,PRJNA280606,SAMN04494440,533222999;537048022,BCCDC,NA,SRX1592344,Illumina MiSeq,PAIRED,RANDOM,GENOMIC,Giardia intestinalis,ILLUMINA,NA,VANC_90_UBC_61_L001_R1_001.fastq,SRP056976,VANC/90/UBC/61,1990,Canada,North America,BC,VANC/90/UBC/61,NA,NA,NA,NA,NA,NA,NA,NA,NA,SRX1592344_SRR3177917,PRJNA9531,SRA355098,2734510.0,False,BC,1990,1990-07-05,Barriere,"BC, CANADA",WATER,2
SRR3177919,SRR3177919,WGS,NA,745443896,PRJNA280606,SAMN04494441,294409751;304286938,BCCDC,NA,SRX1592345,Illumina MiSeq,PAIRED,RANDOM,GENOMIC,Giardia intestinalis,ILLUMINA,NA,VANC_90_UBC_62_L001_R2_001.fastq,SRP056976,VANC/90/UBC/62,1990,Canada,North America,BC,VANC/90/UBC/62,NA,NA,NA,NA,NA,NA,NA,NA,NA,SRX1592345_SRR3177919,PRJNA9531,SRA355098,1484948.0,False,BC,1990,1990-07-31,Barriere,"BC, CANADA",WATER,2
SRR3177926,SRR3177926,WGS,NA,1056681888,PRJNA280606,SAMN04494442,383556800;455597856,BCCDC,NA,SRX1592346,Illumina MiSeq,PAIRED,RANDOM,GENOMIC,Giardia intestinalis,ILLUMINA,NA,VANC_90_UBC_63_L001_R1_001.fastq,SRP056976,VANC/90/UBC/63,1991,Canada,North America,BC,VANC/90/UBC/63,NA,NA,NA,NA,NA,NA,NA,NA,NA,SRX1592346_SRR3177926,PRJNA9531,SRA355098,2104944.0,False,BC,1991,1991-01-04,Barriere,"BC, CANADA",HUMAN,2
SRR3177927,SRR3177927,WGS,NA,1714603884,PRJNA280606,SAMN04494443,600519154;620794134,BCCDC,NA,SRX1592347,Illumina MiSeq,PAIRED,RANDOM,GENOMIC,Giardia intestinalis,ILLUMINA,NA,VANC_90_UBC_64_L001_R2_001.fastq,SRP056976,VANC/90/UBC/64,1990,Canada,North America,BC,VANC/90/UBC/64,NA,NA,NA,NA,NA,NA,NA,NA,NA,SRX1592347_SRR3177927,PRJNA9531,SRA355098,3602109.0,False,BC,1990,1990-12-11,Barriere,"BC, CANADA",HUMAN,2
SRR3177928,SRR3177928,WGS,NA,758704226,PRJNA280606,SAMN04494444,276257341;328048572,BCCDC,NA,SRX1592348,Illumina MiSeq,PAIRED,RANDOM,GENOMIC,Giardia intestinalis,ILLUMINA,NA,VANC_91_UBC_65_L001_R1_001.fastq,SRP056976,VANC/91/UBC/65,1991,Canada,North America,BC,VANC/91/UBC/65,NA,NA,NA,NA,NA,NA,NA,NA,NA,SRX1592348_SRR3177928,PRJNA9531,SRA355098,1511363.0,False,BC,1991,1991-01-22,Barriere,"BC, CANADA",HUMAN,2
SRR3177929,SRR3177929,WGS,NA,618499140,PRJNA280606,SAMN04494445,231533727;260681900,BCCDC,NA,SRX1592349,Illumina MiSeq,PAIRED,RANDOM,GENOMIC,Giardia intestinalis,ILLUMINA,NA,VANC_91_UBC_67_L001_R2_001.fastq,SRP056976,VANC/91/UBC/67,1991,Canada,North America,BC,VANC/91/UBC/67,NA,NA,NA,NA,NA,NA,NA,NA,NA,SRX1592349_SRR3177929,PRJNA9531,SRA355098,1232070.0,False,BC,1991,1991-04-18,"Deep Creek, Terrace","BC, CANADA",WATER,Sporadic
SRR3177930,SRR3177930,WGS,NA,1377588902,PRJNA280606,SAMN04494446,489674969;537748596,BCCDC,NA,SRX1592350,Illumina MiSeq,PAIRED,RANDOM,GENOMIC,Giardia intestinalis,ILLUMINA,NA,VANC_91_UBC_68_1_L001_R1_001.fastq,SRP056976,VANC/91/UBC/68_1,1991,Canada,North America,BC,VANC/91/UBC/68_1,NA,NA,NA,NA,NA,NA,NA,NA,NA,SRX1592350_SRR3177930,PRJNA9531,SRA355098,2744201.0,False,BC,1991,1991-04-19,Terrace,"BC, CANADA",WATER,Sporadic
SRR3177931,SRR3177931,WGS,NA,602390462,PRJNA280606,SAMN04494447,199162607;250996771,BCCDC,NA,SRX1592351,Illumina MiSeq,PAIRED,RANDOM,GENOMIC,Giardia intestinalis,ILLUMINA,NA,VANC_91_UBC_68_2_L001_R1_001.fastq,SRP056976,VANC/91/UBC/68_2,1991,Canada,North America,BC,VANC/91/UBC/68_2,NA,NA,NA,NA,NA,NA,NA,NA,NA,SRX1592351_SRR3177931,PRJNA9531,SRA355098,1199981.0,False,BC,1991,1991-04-19,Terrace,"BC, CANADA",WATER,Sporadic
SRR3177933,SRR3177933,WGS,NA,846180738,PRJNA280606,SAMN04494448,300527072;330763267,BCCDC,NA,SRX1592353,Illumina MiSeq,PAIRED,RANDOM,GENOMIC,Giardia intestinalis,ILLUMINA,NA,VANC_91_UBC_69_L001_R1_001.fastq,SRP056976,VANC/91/UBC/69,1991,Canada,North America,BC,VANC/91/UBC/69,NA,NA,NA,NA,NA,NA,NA,NA,NA,SRX1592353_SRR3177933,PRJNA9531,SRA355098,1685619.0,False,BC,1991,1991-02-20,Muskwa River,"BC, CANADA",WATER,Sporadic
SRR3177934,SRR3177934,WGS,NA,668219730,PRJNA280606,SAMN04494449,229108543;260613622,BCCDC,NA,SRX1592354,Illumina MiSeq,PAIRED,RANDOM,GENOMIC,Giardia intestinalis,ILLUMINA,NA,VANC_91_UBC_72_L001_R2_001.fastq,SRP056976,VANC/91/UBC/72,1991,Canada,North America,BC,VANC/91/UBC/72,NA,NA,NA,NA,NA,NA,NA,NA,NA,SRX1592354_SRR3177934,PRJNA9531,SRA355098,1331115.0,False,BC,1991,1991-04-04,South Thompson,"BC, CANADA",WATER,Sporadic
SRR3177935,SRR3177935,WGS,NA,2092620132,PRJNA280606,SAMN04494450,740561628;816795239,BCCDC,NA,SRX1592355,Illumina MiSeq,PAIRED,RANDOM,GENOMIC,Giardia intestinalis,ILLUMINA,NA,VANC_91_UBC_73_L001_R2_001.fastq,SRP056976,VANC/91/UBC/73,1991,Canada,North America,BC,VANC/91/UBC/73,NA,NA,NA,NA,NA,NA,NA,NA,NA,SRX1592355_SRR3177935,PRJNA9531,SRA355098,4168566.0,False,BC,1991,1991-06-24,Kamloops,"BC, CANADA",HUMAN,Sporadic
SRR3177936,SRR3177936,WGS,NA,2919046668,PRJNA280606,SAMN04494451,952848241;1092101618,BCCDC,NA,SRX1592356,Illumina MiSeq,PAIRED,RANDOM,GENOMIC,Giardia intestinalis,ILLUMINA,NA,VANC_91_UBC_74_L001_R2_001.fastq,SRP056976,VANC/91/UBC/74,1991,Canada,North America,BC,VANC/91/UBC/74,NA,NA,NA,NA,NA,NA,NA,NA,NA,SRX1592356_SRR3177936,PRJNA9531,SRA355098,5814834.0,False,BC,1991,1991-12-12,Mission Creek,"BC, CANADA",WATER,Sporadic
SRR3177937,SRR3177937,WGS,NA,567688708,PRJNA280606,SAMN04494452,232867026;240715349,BCCDC,NA,SRX1592357,Illumina MiSeq,PAIRED,RANDOM,GENOMIC,Giardia intestinalis,ILLUMINA,NA,VANC_91_UBC_85_R1_001.fastq,SRP056976,VANC/91/UBC/85,1991,Canada,North America,BC,VANC/91/UBC/85,NA,NA,NA,NA,NA,NA,NA,NA,NA,SRX1592357_SRR3177937,PRJNA9531,SRA355098,1130854.0,False,BC,1991,1991-05-01,Mission Creek,"BC, CANADA",WATER,Sporadic
SRR3177946,SRR3177946,WGS,NA,789347310,PRJNA280606,SAMN04494453,273821601;307920752,BCCDC,NA,SRX1592358,Illumina MiSeq,PAIRED,RANDOM,GENOMIC,Giardia intestinalis,ILLUMINA,NA,VANC_92_UBC_101_L001_R1_001.fastq,SRP056976,VANC/92/UBC/101,1992,Canada,North America,BC,VANC/92/UBC/101,NA,NA,NA,NA,NA,NA,NA,NA,NA,SRX1592358_SRR3177946,PRJNA9531,SRA355098,1572405.0,False,BC,1992,1992-09-23,Mission Creek,"BC, CANADA",WATER,Sporadic
SRR3177947,SRR3177947,WGS,NA,1441573822,PRJNA280606,SAMN04494454,477490019;522073368,BCCDC,NA,SRX1592368,Illumina MiSeq,PAIRED,RANDOM,GENOMIC,Giardia intestinalis,ILLUMINA,NA,VANC_92_UBC_102_L001_R2_001.fastq,SRP056976,VANC/92/UBC/102,1992,Canada,North America,BC,VANC/92/UBC/102,NA,NA,NA,NA,NA,NA,NA,NA,NA,SRX1592368_SRR3177947,PRJNA9531,SRA355098,2871661.0,False,BC,1992,1992-09-30,Mission Creek,"BC, CANADA",WATER,Sporadic
SRR3177948,SRR3177948,WGS,NA,1073499892,PRJNA280606,SAMN04494455,419130105;445236436,BCCDC,NA,SRX1592377,Illumina MiSeq,PAIRED,RANDOM,GENOMIC,Giardia intestinalis,ILLUMINA,NA,VANC_92_UBC_103_R2_001.fastq,SRP056976,VANC/92/UBC/103,1992,Canada,North America,BC,VANC/92/UBC/103,NA,NA,NA,NA,NA,NA,NA,NA,NA,SRX1592377_SRR3177948,PRJNA9531,SRA355098,2138446.0,False,BC,1992,1992-10-01,Mission Creek,"BC, CANADA",WATER,Sporadic
SRR3177949,SRR3177949,WGS,NA,1102404550,PRJNA280606,SAMN04494456,391347948;412944969,BCCDC,NA,SRX1592380,Illumina MiSeq,PAIRED,RANDOM,GENOMIC,Giardia intestinalis,ILLUMINA,NA,VANC_92_UBC_104_L001_R2_001.fastq,SRP056976,VANC/92/UBC/104,1992,Canada,North America,BC,VANC/92/UBC/104,NA,NA,NA,NA,NA,NA,NA,NA,NA,SRX1592380_SRR3177949,PRJNA9531,SRA355098,2196025.0,False,BC,1992,1992-11-04,Mission Creek,"BC, CANADA",WATER,Sporadic
SRR3177950,SRR3177950,WGS,NA,1210370694,PRJNA280606,SAMN04494457,435678381;482942037,BCCDC,NA,SRX1592388,Illumina MiSeq,PAIRED,RANDOM,GENOMIC,Giardia intestinalis,ILLUMINA,NA,VANC_92_UBC_107_L001_R2_001.fastq,SRP056976,VANC/92/UBC/107,1992,Canada,North America,BC,VANC/92/UBC/107,NA,NA,NA,NA,NA,NA,NA,NA,NA,SRX1592388_SRR3177950,PRJNA9531,SRA355098,2411097.0,False,BC,1992,1992-12-15,Vancouver,"BC, CANADA",HUMAN,Sporadic
SRR3177952,SRR3177952,WGS,NA,1316105448,PRJNA280606,SAMN04494458,453736670;509869103,BCCDC,NA,SRX1592403,Illumina MiSeq,PAIRED,RANDOM,GENOMIC,Giardia intestinalis,ILLUMINA,NA,VANC_92_UBC_84_L001_R2_001.fastq,SRP056976,VANC/92/UBC/84,1992,Canada,North America,BC,VANC/92/UBC/84,NA,NA,NA,NA,NA,NA,NA,NA,NA,SRX1592403_SRR3177952,PRJNA9531,SRA355098,2621724.0,False,BC,1992,1992-04-09,Mission Creek,"BC, CANADA",WATER,Sporadic
SRR3177955,SRR3177955,WGS,NA,2180445534,PRJNA280606,SAMN04494459,758079644;819254990,BCCDC,NA,SRX1592413,Illumina MiSeq,PAIRED,RANDOM,GENOMIC,Giardia intestinalis,ILLUMINA,NA,VANC_92_UBC_98_L001_R1_001.fastq,SRP056976,VANC/92/UBC/98,1992,Canada,North America,BC,VANC/92/UBC/98,NA,NA,NA,NA,NA,NA,NA,NA,NA,SRX1592413_SRR3177955,PRJNA9531,SRA355098,4343517.0,False,BC,1992,1992-07-14,Mission Creek,"BC, CANADA",WATER,Sporadic
SRR3177962,SRR3177962,WGS,NA,692963310,PRJNA280606,SAMN04494460,285711016;285628218,BCCDC,NA,SRX1592414,Illumina MiSeq,PAIRED,RANDOM,GENOMIC,Giardia intestinalis,ILLUMINA,NA,VANC_92_UBC_99_R1_001.fastq,SRP056976,VANC/92/UBC/99,1992,Canada,North America,BC,VANC/92/UBC/99,NA,NA,NA,NA,NA,NA,NA,NA,NA,SRX1592414_SRR3177962,PRJNA9531,SRA355098,1380405.0,False,BC,1992,1992-09-04,Mission Creek,"BC, CANADA",WATER,Sporadic
SRR3177974,SRR3177974,WGS,NA,1537330824,PRJNA280606,SAMN04494461,538516130;633734784,BCCDC,NA,SRX1592415,Illumina MiSeq,PAIRED,RANDOM,GENOMIC,Giardia intestinalis,ILLUMINA,NA,VANC_93_UBC_105_L001_R1_001.fastq,SRP056976,VANC/93/UBC/105,1993,Canada,North America,BC,VANC/93/UBC/105,NA,NA,NA,NA,NA,NA,NA,NA,NA,SRX1592415_SRR3177974,PRJNA9531,SRA355098,3062412.0,False,BC,1993,1993-09-16,Mission Creek,"BC, CANADA",WATER,Sporadic
SRR3177978,SRR3177978,WGS,NA,1310987056,PRJNA280606,SAMN04494462,531275432;548810863,BCCDC,NA,SRX1592418,Illumina MiSeq,PAIRED,RANDOM,GENOMIC,Giardia intestinalis,ILLUMINA,NA,VANC_93_UBC_106_R2_001.fastq,SRP056976,VANC/93/UBC/106,1993,Canada,North America,BC,VANC/93/UBC/106,NA,NA,NA,NA,NA,NA,NA,NA,NA,SRX1592418_SRR3177978,PRJNA9531,SRA355098,2611528.0,False,BC,1993,1993-09-23,Mission Creek,"BC, CANADA",WATER,Sporadic
SRR3177990,SRR3177990,WGS,NA,896756736,PRJNA280606,SAMN04494463,365520756;386485108,BCCDC,NA,SRX1592419,Illumina MiSeq,PAIRED,RANDOM,GENOMIC,Giardia intestinalis,ILLUMINA,NA,VANC_93_UBC_39_R2_001.fastq,SRP056976,VANC/93/UBC/39,1993,Canada,North America,BC,VANC/93/UBC/39,NA,NA,NA,NA,NA,NA,NA,NA,NA,SRX1592419_SRR3177990,PRJNA9531,SRA355098,1786368.0,False,BC,1993,1993-07-02,Campbell River,"BC, CANADA",HUMAN,Sporadic
SRR3178001,SRR3178001,WGS,NA,1918207762,PRJNA280606,SAMN04494464,689480213;740095113,BCCDC,NA,SRX1592420,Illumina MiSeq,PAIRED,RANDOM,GENOMIC,Giardia intestinalis,ILLUMINA,NA,VANC_93_UBC_70_L001_R2_001.fastq,SRP056976,VANC/93/UBC/70,1993,Canada,North America,BC,VANC/93/UBC/70,NA,NA,NA,NA,NA,NA,NA,NA,NA,SRX1592420_SRR3178001,PRJNA9531,SRA355098,3821131.0,False,BC,1993,1993-06-08,Barriere,"BC, CANADA",HUMAN,Sporadic
SRR3178007,SRR3178007,WGS,NA,2355529078,PRJNA280606,SAMN04494465,823895668;935746424,BCCDC,NA,SRX1592422,Illumina MiSeq,PAIRED,RANDOM,GENOMIC,Giardia intestinalis,ILLUMINA,NA,VANC_94_UBC_121_L001_R1_001.fastq,SRP056976,VANC/94/UBC/121,1994,Canada,North America,BC,VANC/94/UBC/121,NA,NA,NA,NA,NA,NA,NA,NA,NA,SRX1592422_SRR3178007,PRJNA9531,SRA355098,4692289.0,False,BC,1994,1994-05-27,"Elk Creek, Chilliwack","BC, CANADA",WATER,Sporadic
SRR3178008,SRR3178008,WGS,NA,809068380,PRJNA280606,SAMN04494466,316914056;357360802,BCCDC,NA,SRX1592424,Illumina MiSeq,PAIRED,RANDOM,GENOMIC,Giardia intestinalis,ILLUMINA,NA,VANC_94_UBC_122_L001_R1_001.fastq,SRP056976,VANC/94/UBC/122,1994,Canada,North America,BC,VANC/94/UBC/122,NA,NA,NA,NA,NA,NA,NA,NA,NA,SRX1592424_SRR3178008,PRJNA9531,SRA355098,1611690.0,False,BC,1994,1994-08-16,Mission Creek,"BC, CANADA",WATER,Sporadic
SRR3178009,SRR3178009,WGS,NA,741307918,PRJNA280606,SAMN04494467,313321964;302677396,BCCDC,NA,SRX1592425,Illumina MiSeq,PAIRED,RANDOM,GENOMIC,Giardia intestinalis,ILLUMINA,NA,VANC_94_UBC_124_R1_001.fastq,SRP056976,VANC/94/UBC/124,1994,Canada,North America,BC,VANC/94/UBC/124,NA,NA,NA,NA,NA,NA,NA,NA,NA,SRX1592425_SRR3178009,PRJNA9531,SRA355098,1476709.0,False,BC,1994,1994-09-26,Mission Creek,"BC, CANADA",WATER,Sporadic
SRR3178011,SRR3178011,WGS,NA,689914162,PRJNA280606,SAMN04494468,289405925;298586155,BCCDC,NA,SRX1592427,Illumina MiSeq,PAIRED,RANDOM,GENOMIC,Giardia intestinalis,ILLUMINA,NA,VANC_94_UBC_125_R2_001.fastq,SRP056976,VANC/94/UBC/125,1994,Canada,North America,BC,VANC/94/UBC/125,NA,NA,NA,NA,NA,NA,NA,NA,NA,SRX1592427_SRR3178011,PRJNA9531,SRA355098,1374331.0,False,BC,1994,NA,NA,NA,NA,NA
SRR3178012,SRR3178012,WGS,NA,1057442418,PRJNA280606,SAMN04494469,407430501;457571003,BCCDC,NA,SRX1592429,Illumina MiSeq,PAIRED,RANDOM,GENOMIC,Giardia intestinalis,ILLUMINA,NA,VANC_96_UBC_126_L001_R2_001.fastq,SRP056976,VANC/96/UBC/126,1995,Canada,North America,BC,VANC/96/UBC/126,NA,NA,NA,NA,NA,NA,NA,NA,NA,SRX1592429_SRR3178012,PRJNA9531,SRA355098,2106459.0,False,BC,1995,1995-09-28,Revelstoke,"BC, CANADA",HUMAN,4
SRR3178013,SRR3178013,WGS,NA,2123112114,PRJNA280606,SAMN04494470,733193596;827463208,BCCDC,NA,SRX1592432,Illumina MiSeq,PAIRED,RANDOM,GENOMIC,Giardia intestinalis,ILLUMINA,NA,VANC_96_UBC_127_L001_R2_001.fastq,SRP056976,VANC/96/UBC/127,1995,Canada,North America,BC,VANC/96/UBC/127,NA,NA,NA,NA,NA,NA,NA,NA,NA,SRX1592432_SRR3178013,PRJNA9531,SRA355098,4229307.0,False,BC,1995,1995-08-30,Revelstoke,"BC, CANADA",BEAVER,4
SRR3178014,SRR3178014,WGS,NA,960065462,PRJNA280606,SAMN04494471,384494586;414664002,BCCDC,NA,SRX1592434,Illumina MiSeq,PAIRED,RANDOM,GENOMIC,Giardia intestinalis,ILLUMINA,NA,VANC_96_UBC_128_R1_001.fastq,SRP056976,VANC/96/UBC/128,1995,Canada,North America,BC,VANC/96/UBC/128,NA,NA,NA,NA,NA,NA,NA,NA,NA,SRX1592434_SRR3178014,PRJNA9531,SRA355098,1912481.0,False,BC,1995,1995-09-12,Revelstoke,"BC, CANADA",HUMAN,4
SRR3178015,SRR3178015,WGS,NA,756789096,PRJNA280606,SAMN04494472,290910166;324342402,BCCDC,NA,SRX1592435,Illumina MiSeq,PAIRED,RANDOM,GENOMIC,Giardia intestinalis,ILLUMINA,NA,VANC_96_UBC_129_L001_R1_001.fastq,SRP056976,VANC/96/UBC/129,1995,Canada,North America,BC,VANC/96/UBC/129,NA,NA,NA,NA,NA,NA,NA,NA,NA,SRX1592435_SRR3178015,PRJNA9531,SRA355098,1507548.0,False,BC,1995,1995-09-20,Revelstoke,"BC, CANADA",HUMAN,4
SRR3178016,SRR3178016,WGS,NA,679115640,PRJNA280606,SAMN04494473,297590023;291995047,BCCDC,NA,SRX1592436,Illumina MiSeq,PAIRED,RANDOM,GENOMIC,Giardia intestinalis,ILLUMINA,NA,WHANGAREI8_79_R1_001.fastq,SRP056976,WHANGAREI8/79,1991,Canada,North America,NZ,WHANGAREI8/79,NA,NA,NA,NA,NA,NA,NA,NA,NA,SRX1592436_SRR3178016,PRJNA9531,SRA355098,1352820.0,False,NZ,1991,1991-06-19,Whangarei,"North Island, NEW ZEALAND",HUMAN,Sporadic
SRR10007609,SRR10007609,WGS,NA,3165598307,PRJNA561185,SAMN12610744,3257136259,submitted by Wellcome Sanger Institute ,NA,SRX6745908,MinION,SINGLE,unspecified,GENOMIC,Giardia intestinalis,OXFORD_NANOPORE,NA,Beaver_2309_reads_all.fastq,SRP218927,2309,unknown,unknown,unknown,unknown,Giardia beaver,NA,NA,NA,NA,NA,NA,NA,NA,NA,SRX6745908_SRR10007609,PRJNA9531,SRA945782,382042.0,True,unknown,unknown,NA,NA,NA,NA,NA
SRR10007652,SRR10007652,WGS,NA,2367530512,PRJNA561185,SAMN12611509,2435942076,submitted by Wellcome Sanger Institute ,NA,SRX6745952,MinION,SINGLE,unspecified,GENOMIC,Giardia intestinalis,OXFORD_NANOPORE,NA,WB_Run1_0157_reads_all.fastq,SRP218927,157,unknown,unknown,unknown,unknown,Giardia AWB,NA,NA,NA,NA,NA,NA,NA,NA,NA,SRX6745952_SRR10007652,PRJNA9531,SRA945793,328554.0,True,unknown,unknown,NA,NA,NA,NA,NA
SRR10007724,SRR10007724,WGS,NA,8335004787,PRJNA561185,SAMN12611599,8496755231,submitted by Wellcome Sanger Institute ,NA,SRX6746022,MinION,SINGLE,unspecified,GENOMIC,Giardia intestinalis,OXFORD_NANOPORE,NA,GS_Run4_2244_1dreads_all.fastq,SRP218927,2244,unknown,unknown,unknown,unknown,Giardia BGS,NA,NA,NA,NA,NA,NA,NA,NA,NA,SRX6746022_SRR10007724,PRJNA9531,SRA945802,882737.0,True,unknown,unknown,NA,NA,NA,NA,NA
SRR21529651,SRR21529651,WGS,8268.0,1120669167,PRJNA879307,SAMN30804746,789641838,ROBERT KOCH-INSTITUT,public,SRX17531979,PacBio RS II,SINGLE,RANDOM,GENOMIC,Giardia duodenalis,PACBIO_SMRT,2022-10-04T00:00:00Z,P344-B2,SRP396690,P344-B2-longReads-1,2013,Germany,Europe,Germany: Berlin,P344,NA,52.52 N 13.40 E,stool,NA,NA,axenic,Christian Klotz,not applicable,trophozoite,NA,NA,NA,NA,NA,NA,NA,NA,NA,NA,NA,NA
SRR21529650,SRR21529650,WGS,6307.0,648696164,PRJNA879307,SAMN30804747,459039015,ROBERT KOCH-INSTITUT,public,SRX17531980,PacBio RS II,SINGLE,RANDOM,GENOMIC,Giardia duodenalis,PACBIO_SMRT,2022-10-04T00:00:00Z,P387-C1,SRP396690,P387-C1-longReads-1,2013,Germany,Europe,Germany: Berlin,P387,NA,52.52 N 13.40 E,stool,NA,NA,axenic,Christian Klotz,not applicable,trophozoite,NA,NA,NA,NA,NA,NA,NA,NA,NA,NA,NA,NA
SRR21529639,SRR21529639,WGS,7762.0,1123045764,PRJNA879307,SAMN30804748,784130310,ROBERT KOCH-INSTITUT,public,SRX17531991,PacBio RS II,SINGLE,RANDOM,GENOMIC,Giardia duodenalis,PACBIO_SMRT,2022-10-04T00:00:00Z,P392-H2,SRP396690,P392-H2-longReads-1,2013,Germany,Europe,Germany: Berlin,P392,NA,52.52 N 13.40 E,stool,NA,NA,axenic,Christian Klotz,not applicable,trophozoite,NA,NA,NA,NA,NA,NA,NA,NA,NA,NA,NA,NA
SRR21529628,SRR21529628,WGS,6318.0,787504514,PRJNA879307,SAMN30804749,542523108,ROBERT KOCH-INSTITUT,public,SRX17532002,PacBio RS II,SINGLE,RANDOM,GENOMIC,Giardia duodenalis,PACBIO_SMRT,2022-10-04T00:00:00Z,P424-A5,SRP396690,P424-A5-longReads-1,2014,Germany,Europe,Germany: Berlin,P424,NA,52.52 N 13.40 E,stool,NA,NA,axenic,Christian Klotz,not applicable,trophozoite,NA,NA,NA,NA,NA,NA,NA,NA,NA,NA,NA,NA
SRR21529625,SRR21529625,WGS,7055.0,920451356,PRJNA879307,SAMN30804750,648986967,ROBERT KOCH-INSTITUT,public,SRX17532005,PacBio RS II,SINGLE,RANDOM,GENOMIC,Giardia duodenalis,PACBIO_SMRT,2022-10-04T00:00:00Z,P427-B2,SRP396690,P427-B2-longReads-1,2014,Germany,Europe,Germany: Berlin,P427,NA,52.52 N 13.40 E,stool,NA,NA,axenic,Christian Klotz,not applicable,trophozoite,NA,NA,NA,NA,NA,NA,NA,NA,NA,NA,NA,NA
SRR21529624,SRR21529624,WGS,6039.0,981429276,PRJNA879307,SAMN30804751,685948507,ROBERT KOCH-INSTITUT,public,SRX17532006,PacBio RS II,SINGLE,RANDOM,GENOMIC,Giardia duodenalis,PACBIO_SMRT,2022-10-04T00:00:00Z,P458-E2,SRP396690,P458-E2-longReads-1,2014,Germany,Europe,Germany: Berlin,P458,NA,52.52 N 13.40 E,stool,NA,NA,axenic,Christian Klotz,not applicable,trophozoite,NA,NA,NA,NA,NA,NA,NA,NA,NA,NA,NA,NA
SRR21529623,SRR21529623,WGS,6192.0,1033700952,PRJNA879307,SAMN30804752,725755803,ROBERT KOCH-INSTITUT,public,SRX17532007,PacBio RS II,SINGLE,RANDOM,GENOMIC,Giardia duodenalis,PACBIO_SMRT,2022-10-04T00:00:00Z,P064-F7,SRP396690,P064-F7-longReads-1,2011,Germany,Europe,Germany: Berlin,P064,NA,52.52 N 13.40 E,stool,NA,NA,axenic,Christian Klotz,not applicable,trophozoite,NA,NA,NA,NA,NA,NA,NA,NA,NA,NA,NA,NA
SRR21529622,SRR21529622,WGS,8303.0,1162695627,PRJNA879307,SAMN30804753,807633080,ROBERT KOCH-INSTITUT,public,SRX17532008,PacBio RS II,SINGLE,RANDOM,GENOMIC,Giardia duodenalis,PACBIO_SMRT,2022-10-04T00:00:00Z,P407-E2,SRP396690,P407-E2-longReads-1,2014,Germany,Europe,Germany: Berlin,P407,NA,52.52 N 13.40 E,stool,NA,NA,axenic,Christian Klotz,not applicable,trophozoite,NA,NA,NA,NA,NA,NA,NA,NA,NA,NA,NA,NA
SRR21529621,SRR21529621,WGS,8544.0,1210519804,PRJNA879307,SAMN30804754,843889907,ROBERT KOCH-INSTITUT,public,SRX17532009,PacBio RS II,SINGLE,RANDOM,GENOMIC,Giardia duodenalis,PACBIO_SMRT,2022-10-04T00:00:00Z,KO188,SRP396690,KO188-longReads-1,1992-02-26,Czech Republic,Europe,Czech Republic: Prague,KO188,NA,50.10 N 14.44 E,stool,NA,NA,axenic,Eva Nohynkova,not applicable,trophozoite,NA,NA,NA,NA,NA,NA,NA,NA,NA,NA,NA,NA
SRR29006303,SRR29006303,WGS,150.0,1930908300,PRJNA1110996,SAMN41379870,1382602872,WALTER AND ELIZA HALL INSTITUTE OF MEDICAL RESEARCH,public,SRX24533337,Illumina NovaSeq 6000,PAIRED,other,GENOMIC,Giardia duodenalis,ILLUMINA,2025-08-19T00:00:00Z,C4,SRP507278,1,not applicable,Afghanistan,Asia,Afghanistan,C4,trophozoites,NA,NA,Homo sapiens,C4,NA,NA,NA,NA,NA,NA,NA,NA,NA,NA,NA,NA,NA,NA,NA,NA
SRR29006302,SRR29006302,WGS,150.0,3114973200,PRJNA1110996,SAMN41379871,2100224099,WALTER AND ELIZA HALL INSTITUTE OF MEDICAL RESEARCH,public,SRX24533338,Illumina NovaSeq 6000,PAIRED,other,GENOMIC,Giardia duodenalis,ILLUMINA,2025-08-19T00:00:00Z,C6,SRP507278,2,not applicable,Afghanistan,Asia,Afghanistan,C6,trophozoites,NA,NA,Homo sapiens,C6,NA,NA,NA,NA,NA,NA,NA,NA,NA,NA,NA,NA,NA,NA,NA,NA
SRR29006291,SRR29006291,WGS,302.0,6856791616,PRJNA1110996,SAMN41379872,2948976894,WALTER AND ELIZA HALL INSTITUTE OF MEDICAL RESEARCH,public,SRX24533349,Illumina NovaSeq 6000,PAIRED,other,GENOMIC,Giardia duodenalis,ILLUMINA,2025-08-19T00:00:00Z,K188,SRP507278,3,1992-02-26,Czech Republic,Europe,Czech Republic,K188,trophozoites,NA,NA,Cat,K188,NA,NA,NA,NA,NA,NA,NA,NA,NA,NA,NA,NA,NA,NA,NA,NA
SRR29006280,SRR29006280,WGS,302.0,7921687708,PRJNA1110996,SAMN41379873,3420532113,WALTER AND ELIZA HALL INSTITUTE OF MEDICAL RESEARCH,public,SRX24533360,Illumina NovaSeq 6000,PAIRED,other,GENOMIC,Giardia duodenalis,ILLUMINA,2025-08-19T00:00:00Z,VAJ,SRP507278,4,not applicable,USA,North America,USA,VAJ,trophozoites,NA,NA,Homo sapiens,VAJ,NA,NA,NA,NA,NA,NA,NA,NA,NA,NA,NA,NA,NA,NA,NA,NA
SRR29006278,SRR29006278,WGS,302.0,2858966654,PRJNA1110996,SAMN41379874,1258064201,WALTER AND ELIZA HALL INSTITUTE OF MEDICAL RESEARCH,public,SRX24533362,Illumina NovaSeq 6000,PAIRED,other,GENOMIC,Giardia duodenalis,ILLUMINA,2025-08-19T00:00:00Z,VB11,SRP507278,5,2019-01-01,Italy,Europe,Italy,VB11,trophozoites,NA,NA,Homo sapiens,VB11,NA,NA,NA,NA,NA,NA,NA,NA,NA,NA,NA,NA,NA,NA,NA,NA
SRR29006277,SRR29006277,WGS,302.0,3002911632,PRJNA1110996,SAMN41379875,1311437896,WALTER AND ELIZA HALL INSTITUTE OF MEDICAL RESEARCH,public,SRX24533363,Illumina NovaSeq 6000,PAIRED,other,GENOMIC,Giardia duodenalis,ILLUMINA,2025-08-19T00:00:00Z,VB36,SRP507278,6,2019-01-01,Italy,Europe,Italy,VB36,trophozoites,NA,NA,Homo sapiens,VB36,NA,NA,NA,NA,NA,NA,NA,NA,NA,NA,NA,NA,NA,NA,NA,NA
SRR29006276,SRR29006276,WGS,302.0,3435551698,PRJNA1110996,SAMN41379876,1479819957,WALTER AND ELIZA HALL INSTITUTE OF MEDICAL RESEARCH,public,SRX24533364,Illumina NovaSeq 6000,PAIRED,other,GENOMIC,Giardia duodenalis,ILLUMINA,2025-08-19T00:00:00Z,VB37,SRP507278,7,2019-01-01,Italy,Europe,Italy,VB37,trophozoites,NA,NA,Homo sapiens,VB37,NA,NA,NA,NA,NA,NA,NA,NA,NA,NA,NA,NA,NA,NA,NA,NA
SRR29006275,SRR29006275,WGS,302.0,2442757200,PRJNA1110996,SAMN41379877,1105644915,WALTER AND ELIZA HALL INSTITUTE OF MEDICAL RESEARCH,public,SRX24533365,Illumina NovaSeq 6000,PAIRED,other,GENOMIC,Giardia duodenalis,ILLUMINA,2025-08-19T00:00:00Z,VB7,SRP507278,8,2019-01-01,Italy,Europe,Italy,VB7,trophozoites,NA,NA,Homo sapiens,VB7,NA,NA,NA,NA,NA,NA,NA,NA,NA,NA,NA,NA,NA,NA,NA,NA
SRR29006274,SRR29006274,WGS,302.0,3358042190,PRJNA1110996,SAMN41379878,1469955067,WALTER AND ELIZA HALL INSTITUTE OF MEDICAL RESEARCH,public,SRX24533366,Illumina NovaSeq 6000,PAIRED,other,GENOMIC,Giardia duodenalis,ILLUMINA,2025-08-19T00:00:00Z,VB9,SRP507278,9,2019-01-01,Italy,Europe,Italy,VB9,trophozoites,NA,NA,Homo sapiens,VB9,NA,NA,NA,NA,NA,NA,NA,NA,NA,NA,NA,NA,NA,NA,NA,NA
SRR29006273,SRR29006273,WGS,180.0,1837158480,PRJNA1110996,SAMN41379879,1154707287,WALTER AND ELIZA HALL INSTITUTE OF MEDICAL RESEARCH,public,SRX24533367,Illumina NovaSeq 6000,PAIRED,other,GENOMIC,Giardia duodenalis,ILLUMINA,2025-08-19T00:00:00Z,GduoAI-11,SRP507278,10,1992-03-11,Afghanistan,Asia,Afghanistan,GduoAI-11,trophozoites,NA,NA,Homo sapiens,giardia11,NA,NA,NA,NA,NA,NA,NA,NA,NA,NA,NA,NA,NA,NA,NA,NA
SRR29006301,SRR29006301,WGS,180.0,1602032940,PRJNA1110996,SAMN41379880,1009819844,WALTER AND ELIZA HALL INSTITUTE OF MEDICAL RESEARCH,public,SRX24533339,Illumina NovaSeq 6000,PAIRED,other,GENOMIC,Giardia duodenalis,ILLUMINA,2025-08-19T00:00:00Z,GduoAI-12,SRP507278,11,1994-08-30,Afghanistan,Asia,Afghanistan,GduoAI-12,trophozoites,NA,NA,Homo sapiens,giardia12,NA,NA,NA,NA,NA,NA,NA,NA,NA,NA,NA,NA,NA,NA,NA,NA
SRR29006300,SRR29006300,WGS,180.0,1565726040,PRJNA1110996,SAMN41379881,1023786521,WALTER AND ELIZA HALL INSTITUTE OF MEDICAL RESEARCH,public,SRX24533340,Illumina NovaSeq 6000,PAIRED,other,GENOMIC,Giardia duodenalis,ILLUMINA,2025-08-19T00:00:00Z,GduoAI-13,SRP507278,12,1997-09-19,Afghanistan,Asia,Afghanistan,GduoAI-13,trophozoites,NA,NA,Homo sapiens,giardia13,NA,NA,NA,NA,NA,NA,NA,NA,NA,NA,NA,NA,NA,NA,NA,NA
SRR29006299,SRR29006299,WGS,180.0,1453180320,PRJNA1110996,SAMN41379882,950097544,WALTER AND ELIZA HALL INSTITUTE OF MEDICAL RESEARCH,public,SRX24533341,Illumina NovaSeq 6000,PAIRED,other,GENOMIC,Giardia duodenalis,ILLUMINA,2025-08-19T00:00:00Z,GduoAI-23,SRP507278,13,1995-06-05,Malaysia,Asia,Malaysia,GduoAI-23,trophozoites,NA,NA,Homo sapiens,giardia23,NA,NA,NA,NA,NA,NA,NA,NA,NA,NA,NA,NA,NA,NA,NA,NA
SRR29006298,SRR29006298,WGS,180.0,1495355220,PRJNA1110996,SAMN41379883,976774702,WALTER AND ELIZA HALL INSTITUTE OF MEDICAL RESEARCH,public,SRX24533342,Illumina NovaSeq 6000,PAIRED,other,GENOMIC,Giardia duodenalis,ILLUMINA,2025-08-19T00:00:00Z,GduoAI-24,SRP507278,14,1992-04-14,Australia,Oceania,Australia,GduoAI-24,trophozoites,NA,NA,Homo sapiens,giardia24,NA,NA,NA,NA,NA,NA,NA,NA,NA,NA,NA,NA,NA,NA,NA,NA
SRR29006297,SRR29006297,WGS,180.0,2084459400,PRJNA1110996,SAMN41379884,1279442454,WALTER AND ELIZA HALL INSTITUTE OF MEDICAL RESEARCH,public,SRX24533343,Illumina NovaSeq 6000,PAIRED,other,GENOMIC,Giardia duodenalis,ILLUMINA,2025-08-19T00:00:00Z,GduoAII-26,SRP507278,15,1992-08-21,Australia,Oceania,Australia,GduoAII-26,trophozoites,NA,NA,Homo sapiens,giardia26,NA,NA,NA,NA,NA,NA,NA,NA,NA,NA,NA,NA,NA,NA,NA,NA
SRR29006296,SRR29006296,WGS,180.0,1399349520,PRJNA1110996,SAMN41379885,914510294,WALTER AND ELIZA HALL INSTITUTE OF MEDICAL RESEARCH,public,SRX24533344,Illumina NovaSeq 6000,PAIRED,other,GENOMIC,Giardia duodenalis,ILLUMINA,2025-08-19T00:00:00Z,GduoAI-27,SRP507278,16,1998-02-09,Australia,Oceania,Australia,GduoAI-27,trophozoites,NA,NA,Homo sapiens,giardia27,NA,NA,NA,NA,NA,NA,NA,NA,NA,NA,NA,NA,NA,NA,NA,NA
SRR29006295,SRR29006295,WGS,180.0,1596793500,PRJNA1110996,SAMN41379886,1005842578,WALTER AND ELIZA HALL INSTITUTE OF MEDICAL RESEARCH,public,SRX24533345,Illumina NovaSeq 6000,PAIRED,other,GENOMIC,Giardia duodenalis,ILLUMINA,2025-08-19T00:00:00Z,GduoAI-3,SRP507278,17,1994-08-25,Australia,Oceania,Australia,GduoAI-3,trophozoites,NA,NA,Homo sapiens,giardia3,NA,NA,NA,NA,NA,NA,NA,NA,NA,NA,NA,NA,NA,NA,NA,NA
SRR29006294,SRR29006294,WGS,180.0,1541306520,PRJNA1110996,SAMN41379887,971156724,WALTER AND ELIZA HALL INSTITUTE OF MEDICAL RESEARCH,public,SRX24533346,Illumina NovaSeq 6000,PAIRED,other,GENOMIC,Giardia duodenalis,ILLUMINA,2025-08-19T00:00:00Z,GduoAII-31,SRP507278,18,1993-06-22,Australia,Oceania,Australia,GduoAII-31,trophozoites,NA,NA,Homo sapiens,giardia31,NA,NA,NA,NA,NA,NA,NA,NA,NA,NA,NA,NA,NA,NA,NA,NA
SRR29006293,SRR29006293,WGS,180.0,1275574320,PRJNA1110996,SAMN41379888,733619445,WALTER AND ELIZA HALL INSTITUTE OF MEDICAL RESEARCH,public,SRX24533347,Illumina NovaSeq 6000,PAIRED,other,GENOMIC,Giardia duodenalis,ILLUMINA,2025-08-19T00:00:00Z,GduoAI-4,SRP507278,19,2000-01-26,Australia,Oceania,Australia,GduoAI-4,trophozoites,NA,NA,Homo sapiens,giardia4,NA,NA,NA,NA,NA,NA,NA,NA,NA,NA,NA,NA,NA,NA,NA,NA
SRR29006292,SRR29006292,WGS,180.0,1510483500,PRJNA1110996,SAMN41379889,920516294,WALTER AND ELIZA HALL INSTITUTE OF MEDICAL RESEARCH,public,SRX24533348,Illumina NovaSeq 6000,PAIRED,other,GENOMIC,Giardia duodenalis,ILLUMINA,2025-08-19T00:00:00Z,GduoAII-43,SRP507278,20,1991-12-13,Australia,Oceania,Australia,GduoAII-43,trophozoites,NA,NA,Homo sapiens,giardia43,NA,NA,NA,NA,NA,NA,NA,NA,NA,NA,NA,NA,NA,NA,NA,NA
SRR29006290,SRR29006290,WGS,180.0,1266598440,PRJNA1110996,SAMN41379890,730444351,WALTER AND ELIZA HALL INSTITUTE OF MEDICAL RESEARCH,public,SRX24533350,Illumina NovaSeq 6000,PAIRED,other,GENOMIC,Giardia duodenalis,ILLUMINA,2025-08-19T00:00:00Z,GduoAI-5,SRP507278,21,1991-08-29,uncalculated,uncalculated,NA,GduoAI-5,trophozoites,NA,NA,Cat,giardia5,NA,NA,NA,NA,NA,NA,NA,NA,NA,NA,NA,NA,NA,NA,NA,NA
SRR29006289,SRR29006289,WGS,180.0,1497241080,PRJNA1110996,SAMN41379891,862533090,WALTER AND ELIZA HALL INSTITUTE OF MEDICAL RESEARCH,public,SRX24533351,Illumina NovaSeq 6000,PAIRED,other,GENOMIC,Giardia duodenalis,ILLUMINA,2025-08-19T00:00:00Z,GduoAI-6,SRP507278,22,1991-04-01,uncalculated,uncalculated,NA,GduoAI-6,trophozoites,NA,NA,Cat,giardia6,NA,NA,NA,NA,NA,NA,NA,NA,NA,NA,NA,NA,NA,NA,NA,NA
SRR29006288,SRR29006288,WGS,180.0,1432472760,PRJNA1110996,SAMN41379892,817841058,WALTER AND ELIZA HALL INSTITUTE OF MEDICAL RESEARCH,public,SRX24533352,Illumina NovaSeq 6000,PAIRED,other,GENOMIC,Giardia duodenalis,ILLUMINA,2025-08-19T00:00:00Z,GduoAI-8,SRP507278,23,1992-04-01,Australia,Oceania,Australia,GduoAI-8,trophozoites,NA,NA,Homo sapiens,giardia8,NA,NA,NA,NA,NA,NA,NA,NA,NA,NA,NA,NA,NA,NA,NA,NA
SRR29006287,SRR29006287,WGS,180.0,1246460580,PRJNA1110996,SAMN41379893,710395478,WALTER AND ELIZA HALL INSTITUTE OF MEDICAL RESEARCH,public,SRX24533353,Illumina NovaSeq 6000,PAIRED,other,GENOMIC,Giardia duodenalis,ILLUMINA,2025-08-19T00:00:00Z,GduoAI-9,SRP507278,24,1991-09-02,Canada,North America,Canada,GduoAI-9,trophozoites,NA,NA,Sheep,giardia9,NA,NA,NA,NA,NA,NA,NA,NA,NA,NA,NA,NA,NA,NA,NA,NA
SRR29006286,SRR29006286,WGS,180.0,1376499780,PRJNA1110996,SAMN41379894,790354074,WALTER AND ELIZA HALL INSTITUTE OF MEDICAL RESEARCH,public,SRX24533354,Illumina NovaSeq 6000,PAIRED,other,GENOMIC,Giardia duodenalis,ILLUMINA,2025-08-19T00:00:00Z,GduoAI-10,SRP507278,25,1991-08-13,Canada,North America,Canada,GduoAI-10,trophozoites,NA,NA,Sheep,giardiaPGP2-10-MDA,NA,NA,NA,NA,NA,NA,NA,NA,NA,NA,NA,NA,NA,NA,NA,NA
SRR29006285,SRR29006285,WGS,180.0,1345112100,PRJNA1110996,SAMN41379895,782431567,WALTER AND ELIZA HALL INSTITUTE OF MEDICAL RESEARCH,public,SRX24533355,Illumina NovaSeq 6000,PAIRED,other,GENOMIC,Giardia duodenalis,ILLUMINA,2025-08-19T00:00:00Z,GduoAI-14,SRP507278,26,1999-03-22,Afghanistan,Asia,Afghanistan,GduoAI-14,trophozoites,NA,NA,Homo sapiens,giardiaPGP2-14-MDA,NA,NA,NA,NA,NA,NA,NA,NA,NA,NA,NA,NA,NA,NA,NA,NA
SRR29006284,SRR29006284,WGS,180.0,1384205040,PRJNA1110996,SAMN41379896,804012136,WALTER AND ELIZA HALL INSTITUTE OF MEDICAL RESEARCH,public,SRX24533356,Illumina NovaSeq 6000,PAIRED,other,GENOMIC,Giardia duodenalis,ILLUMINA,2025-08-19T00:00:00Z,GduoAI-15,SRP507278,27,2001-06-14,Afghanistan,Asia,Afghanistan,GduoAI-15,trophozoites,NA,NA,Homo sapiens,giardiaPGP2-15-MDA,NA,NA,NA,NA,NA,NA,NA,NA,NA,NA,NA,NA,NA,NA,NA,NA
SRR29006283,SRR29006283,WGS,180.0,1459910340,PRJNA1110996,SAMN41379897,848823040,WALTER AND ELIZA HALL INSTITUTE OF MEDICAL RESEARCH,public,SRX24533357,Illumina NovaSeq 6000,PAIRED,other,GENOMIC,Giardia duodenalis,ILLUMINA,2025-08-19T00:00:00Z,GduoAI-16,SRP507278,28,1991-09-17,Australia,Oceania,Australia,GduoAI-16,trophozoites,NA,NA,Homo sapiens,giardiaPGP2-16-MDA,NA,NA,NA,NA,NA,NA,NA,NA,NA,NA,NA,NA,NA,NA,NA,NA
SRR29006282,SRR29006282,WGS,180.0,1420370100,PRJNA1110996,SAMN41379898,828934498,WALTER AND ELIZA HALL INSTITUTE OF MEDICAL RESEARCH,public,SRX24533358,Illumina NovaSeq 6000,PAIRED,other,GENOMIC,Giardia duodenalis,ILLUMINA,2025-08-19T00:00:00Z,GduoAI-17,SRP507278,29,1992-03-03,Australia,Oceania,Australia,GduoAI-17,trophozoites,NA,NA,Homo sapiens,giardiaPGP2-17-MDA,NA,NA,NA,NA,NA,NA,NA,NA,NA,NA,NA,NA,NA,NA,NA,NA
SRR29006281,SRR29006281,WGS,180.0,1370076120,PRJNA1110996,SAMN41379899,789761076,WALTER AND ELIZA HALL INSTITUTE OF MEDICAL RESEARCH,public,SRX24533359,Illumina NovaSeq 6000,PAIRED,other,GENOMIC,Giardia duodenalis,ILLUMINA,2025-08-19T00:00:00Z,GduoAI-2,SRP507278,30,1994-10-10,Australia,Oceania,Australia,GduoAI-2,trophozoites,NA,NA,Homo sapiens,giardiaPGP2-2-MDA,NA,NA,NA,NA,NA,NA,NA,NA,NA,NA,NA,NA,NA,NA,NA,NA
SRR29006279,SRR29006279,WGS,180.0,1555216560,PRJNA1110996,SAMN41379900,906257526,WALTER AND ELIZA HALL INSTITUTE OF MEDICAL RESEARCH,public,SRX24533361,Illumina NovaSeq 6000,PAIRED,other,GENOMIC,Giardia duodenalis,ILLUMINA,2025-08-19T00:00:00Z,GduoAI-20,SRP507278,31,1992-02-05,Australia,Oceania,Australia,GduoAI-20,trophozoites,NA,NA,Homo sapiens,giardiaPGP2-20-MDA,NA,NA,NA,NA,NA,NA,NA,NA,NA,NA,NA,NA,NA,NA,NA,NA
SRR35245055,SRR35245055,WGS,302.0,6603887756,PRJNA1110996,SAMN50924363,2851480247,WALTER AND ELIZA HALL INSTITUTE OF MEDICAL RESEARCH,public,SRX30347965,Illumina NovaSeq 6000,PAIRED,MDA,GENOMIC,Giardia duodenalis,ILLUMINA,2025-09-03T00:00:00Z,CAT,SRP507278,CAT,1970,USA,North America,USA,CAT,trophozoites,NA,NA,Cat,CAT,NA,NA,NA,NA,NA,NA,NA,NA,NA,NA,NA,NA,NA,NA,NA,NA
SRR35245054,SRR35245054,WGS,300.0,4539706200,PRJNA1110996,SAMN50924364,2000614948,WALTER AND ELIZA HALL INSTITUTE OF MEDICAL RESEARCH,public,SRX30347966,Illumina NovaSeq 6000,PAIRED,MDA,GENOMIC,Giardia duodenalis,ILLUMINA,2025-09-03T00:00:00Z,CZ12,SRP507278,CZ12,1988-01-01,Libya,Africa,Libya,CZ12,trophozoites,NA,NA,Homo sapiens,CZ12,NA,NA,NA,NA,NA,NA,NA,NA,NA,NA,NA,NA,NA,NA,NA,NA
SRR35245043,SRR35245043,WGS,300.0,4914793500,PRJNA1110996,SAMN50924365,2134287648,WALTER AND ELIZA HALL INSTITUTE OF MEDICAL RESEARCH,public,SRX30347977,Illumina NovaSeq 6000,PAIRED,MDA,GENOMIC,Giardia duodenalis,ILLUMINA,2025-09-03T00:00:00Z,CZ13,SRP507278,CZ13,1988-06-30,Syria,Asia,Syria,CZ13,trophozoites,NA,NA,Homo sapiens,CZ13,NA,NA,NA,NA,NA,NA,NA,NA,NA,NA,NA,NA,NA,NA,NA,NA
SRR35245033,SRR35245033,WGS,302.0,9371971436,PRJNA1110996,SAMN50924366,3516466470,WALTER AND ELIZA HALL INSTITUTE OF MEDICAL RESEARCH,public,SRX30347987,Illumina NovaSeq 6000,PAIRED,MDA,GENOMIC,Giardia duodenalis,ILLUMINA,2025-09-03T00:00:00Z,CZ16,SRP507278,CZ16,1988-10-14,Czech Republic,Europe,Czech Republic,CZ16,trophozoites,NA,NA,Homo sapiens,CZ16,NA,NA,NA,NA,NA,NA,NA,NA,NA,NA,NA,NA,NA,NA,NA,NA
SRR35245032,SRR35245032,WGS,300.0,3885616200,PRJNA1110996,SAMN50924367,1694801680,WALTER AND ELIZA HALL INSTITUTE OF MEDICAL RESEARCH,public,SRX30347988,Illumina NovaSeq 6000,PAIRED,MDA,GENOMIC,Giardia duodenalis,ILLUMINA,2025-09-03T00:00:00Z,CZ18,SRP507278,CZ18,1988-09-26,Pakistan,Asia,Pakistan,CZ18,trophozoites,NA,NA,Homo sapiens,CZ18,NA,NA,NA,NA,NA,NA,NA,NA,NA,NA,NA,NA,NA,NA,NA,NA
SRR35245031,SRR35245031,WGS,302.0,8957412412,PRJNA1110996,SAMN50924368,3336252150,WALTER AND ELIZA HALL INSTITUTE OF MEDICAL RESEARCH,public,SRX30347989,Illumina NovaSeq 6000,PAIRED,MDA,GENOMIC,Giardia duodenalis,ILLUMINA,2025-09-03T00:00:00Z,CZ19,SRP507278,CZ19,1988-10-31,Czech Republic,Europe,Czech Republic,CZ19,trophozoites,NA,NA,Homo sapiens,CZ19,NA,NA,NA,NA,NA,NA,NA,NA,NA,NA,NA,NA,NA,NA,NA,NA
SRR35245030,SRR35245030,WGS,300.0,5446190100,PRJNA1110996,SAMN50924369,2389964314,WALTER AND ELIZA HALL INSTITUTE OF MEDICAL RESEARCH,public,SRX30347990,Illumina NovaSeq 6000,PAIRED,MDA,GENOMIC,Giardia duodenalis,ILLUMINA,2025-09-03T00:00:00Z,CZ2,SRP507278,CZ2,1987-01-01,Viet Nam,Asia,Viet Nam,CZ2,trophozoites,NA,NA,Homo sapiens,CZ2,NA,NA,NA,NA,NA,NA,NA,NA,NA,NA,NA,NA,NA,NA,NA,NA
SRR35245029,SRR35245029,WGS,300.0,5418736800,PRJNA1110996,SAMN50924370,2349950637,WALTER AND ELIZA HALL INSTITUTE OF MEDICAL RESEARCH,public,SRX30347991,Illumina NovaSeq 6000,PAIRED,MDA,GENOMIC,Giardia duodenalis,ILLUMINA,2025-09-03T00:00:00Z,CZ20,SRP507278,CZ20,1988-01-01,Kuwait,Asia,Kuwait,CZ20,trophozoites,NA,NA,Homo sapiens,CZ20,NA,NA,NA,NA,NA,NA,NA,NA,NA,NA,NA,NA,NA,NA,NA,NA
SRR35245028,SRR35245028,WGS,302.0,10302461824,PRJNA1110996,SAMN50924371,3734232029,WALTER AND ELIZA HALL INSTITUTE OF MEDICAL RESEARCH,public,SRX30347992,Illumina NovaSeq 6000,PAIRED,MDA,GENOMIC,Giardia duodenalis,ILLUMINA,2025-09-03T00:00:00Z,CZ23,SRP507278,CZ23,1988-06-12,India,Asia,India,CZ23,trophozoites,NA,NA,Homo sapiens,CZ23,NA,NA,NA,NA,NA,NA,NA,NA,NA,NA,NA,NA,NA,NA,NA,NA
SRR35245027,SRR35245027,WGS,300.0,4763188200,PRJNA1110996,SAMN50924372,2043424073,WALTER AND ELIZA HALL INSTITUTE OF MEDICAL RESEARCH,public,SRX30347993,Illumina NovaSeq 6000,PAIRED,MDA,GENOMIC,Giardia duodenalis,ILLUMINA,2025-09-03T00:00:00Z,CZ24,SRP507278,CZ24,1988-07-12,India,Asia,India,CZ24,trophozoites,NA,NA,Homo sapiens,CZ24,NA,NA,NA,NA,NA,NA,NA,NA,NA,NA,NA,NA,NA,NA,NA,NA
SRR35245053,SRR35245053,WGS,300.0,3497853000,PRJNA1110996,SAMN50924373,1520921262,WALTER AND ELIZA HALL INSTITUTE OF MEDICAL RESEARCH,public,SRX30347967,Illumina NovaSeq 6000,PAIRED,MDA,GENOMIC,Giardia duodenalis,ILLUMINA,2025-09-03T00:00:00Z,CZ25,SRP507278,CZ25,1989-11-01,Viet Nam,Asia,Viet Nam,CZ25,trophozoites,NA,NA,Homo sapiens,CZ25,NA,NA,NA,NA,NA,NA,NA,NA,NA,NA,NA,NA,NA,NA,NA,NA
SRR35245052,SRR35245052,WGS,195.0,3527759250,PRJNA1110996,SAMN50924374,1591048271,WALTER AND ELIZA HALL INSTITUTE OF MEDICAL RESEARCH,public,SRX30347968,Illumina NovaSeq 6000,PAIRED,MDA,GENOMIC,Giardia duodenalis,ILLUMINA,2025-09-04T00:00:00Z,CZ27,SRP507278,CZ27,1989-01-02,Czech Republic,Europe,Czech Republic,CZ27,trophozoites,NA,NA,Homo sapiens,CZ27,NA,NA,NA,NA,NA,NA,NA,NA,NA,NA,NA,NA,NA,NA,NA,NA
SRR35245051,SRR35245051,WGS,302.0,9832065114,PRJNA1110996,SAMN50924375,3583018853,WALTER AND ELIZA HALL INSTITUTE OF MEDICAL RESEARCH,public,SRX30347969,Illumina NovaSeq 6000,PAIRED,MDA,GENOMIC,Giardia duodenalis,ILLUMINA,2025-09-03T00:00:00Z,CZ28,SRP507278,CZ28,1987-01-24,Czech Republic,Europe,Czech Republic,CZ28,trophozoites,NA,NA,Homo sapiens,CZ28,NA,NA,NA,NA,NA,NA,NA,NA,NA,NA,NA,NA,NA,NA,NA,NA
SRR35245050,SRR35245050,WGS,302.0,8573383776,PRJNA1110996,SAMN50924376,3144345681,WALTER AND ELIZA HALL INSTITUTE OF MEDICAL RESEARCH,public,SRX30347970,Illumina NovaSeq 6000,PAIRED,MDA,GENOMIC,Giardia duodenalis,ILLUMINA,2025-09-03T00:00:00Z,CZ34,SRP507278,CZ34,1989-04-18,Czech Republic,Europe,Czech Republic,CZ34,trophozoites,NA,NA,Homo sapiens,CZ34,NA,NA,NA,NA,NA,NA,NA,NA,NA,NA,NA,NA,NA,NA,NA,NA
SRR35245049,SRR35245049,WGS,301.0,13065340378,PRJNA1110996,SAMN50924377,5204145010,WALTER AND ELIZA HALL INSTITUTE OF MEDICAL RESEARCH,public,SRX30347971,Illumina NovaSeq 6000,PAIRED,MDA,GENOMIC,Giardia duodenalis,ILLUMINA,2025-09-03T00:00:00Z,CZ36,SRP507278,CZ36,1989-06-28,Nigeria,Africa,Nigeria,CZ36,trophozoites,NA,NA,Homo sapiens,CZ36,NA,NA,NA,NA,NA,NA,NA,NA,NA,NA,NA,NA,NA,NA,NA,NA
SRR35245048,SRR35245048,WGS,302.0,8525540030,PRJNA1110996,SAMN50924378,3164407795,WALTER AND ELIZA HALL INSTITUTE OF MEDICAL RESEARCH,public,SRX30347972,Illumina NovaSeq 6000,PAIRED,MDA,GENOMIC,Giardia duodenalis,ILLUMINA,2025-09-03T00:00:00Z,CZ43,SRP507278,CZ43,1989-11-07,Czech Republic,Europe,Czech Republic,CZ43,trophozoites,NA,NA,Homo sapiens,CZ43,NA,NA,NA,NA,NA,NA,NA,NA,NA,NA,NA,NA,NA,NA,NA,NA
SRR35245047,SRR35245047,WGS,302.0,8478133882,PRJNA1110996,SAMN50924379,3137736173,WALTER AND ELIZA HALL INSTITUTE OF MEDICAL RESEARCH,public,SRX30347973,Illumina NovaSeq 6000,PAIRED,MDA,GENOMIC,Giardia duodenalis,ILLUMINA,2025-09-03T00:00:00Z,CZ44,SRP507278,CZ44,1989-07-26,Iran,Asia,Iran,CZ44,trophozoites,NA,NA,Homo sapiens,CZ44,NA,NA,NA,NA,NA,NA,NA,NA,NA,NA,NA,NA,NA,NA,NA,NA
SRR35245046,SRR35245046,WGS,302.0,7728081548,PRJNA1110996,SAMN50924380,2849579142,WALTER AND ELIZA HALL INSTITUTE OF MEDICAL RESEARCH,public,SRX30347974,Illumina NovaSeq 6000,PAIRED,MDA,GENOMIC,Giardia duodenalis,ILLUMINA,2025-09-03T00:00:00Z,CZ50,SRP507278,CZ50,1990-10-09,Sudan,Africa,Sudan,CZ50,trophozoites,NA,NA,Homo sapiens,CZ50,NA,NA,NA,NA,NA,NA,NA,NA,NA,NA,NA,NA,NA,NA,NA,NA
SRR35245045,SRR35245045,WGS,300.0,5590166100,PRJNA1110996,SAMN50924381,2420745096,WALTER AND ELIZA HALL INSTITUTE OF MEDICAL RESEARCH,public,SRX30347975,Illumina NovaSeq 6000,PAIRED,MDA,GENOMIC,Giardia duodenalis,ILLUMINA,2025-09-03T00:00:00Z,CZ51,SRP507278,CZ51,1990-10-22,Syria,Asia,Syria,CZ51,trophozoites,NA,NA,Homo sapiens,CZ51,NA,NA,NA,NA,NA,NA,NA,NA,NA,NA,NA,NA,NA,NA,NA,NA
SRR35245044,SRR35245044,WGS,302.0,7752955174,PRJNA1110996,SAMN50924382,2867891180,WALTER AND ELIZA HALL INSTITUTE OF MEDICAL RESEARCH,public,SRX30347976,Illumina NovaSeq 6000,PAIRED,MDA,GENOMIC,Giardia duodenalis,ILLUMINA,2025-09-03T00:00:00Z,CZ52,SRP507278,CZ52,1991-05-23,Czech Republic,Europe,Czech Republic,CZ52,trophozoites,NA,NA,Homo sapiens,CZ52,NA,NA,NA,NA,NA,NA,NA,NA,NA,NA,NA,NA,NA,NA,NA,NA
SRR35245042,SRR35245042,WGS,302.0,7167647766,PRJNA1110996,SAMN50924383,2642439726,WALTER AND ELIZA HALL INSTITUTE OF MEDICAL RESEARCH,public,SRX30347978,Illumina NovaSeq 6000,PAIRED,MDA,GENOMIC,Giardia duodenalis,ILLUMINA,2025-09-03T00:00:00Z,CZ53,SRP507278,CZ53,1991-05-16,Indonesia,Asia,Indonesia,CZ53,trophozoites,NA,NA,Homo sapiens,CZ53,NA,NA,NA,NA,NA,NA,NA,NA,NA,NA,NA,NA,NA,NA,NA,NA
SRR35245041,SRR35245041,WGS,300.0,4544302800,PRJNA1110996,SAMN50924384,1967851862,WALTER AND ELIZA HALL INSTITUTE OF MEDICAL RESEARCH,public,SRX30347979,Illumina NovaSeq 6000,PAIRED,MDA,GENOMIC,Giardia duodenalis,ILLUMINA,2025-09-03T00:00:00Z,CZ9,SRP507278,CZ9,1988-03-30,Libya,Africa,Libya,CZ9,trophozoites,NA,NA,Homo sapiens,CZ9,NA,NA,NA,NA,NA,NA,NA,NA,NA,NA,NA,NA,NA,NA,NA,NA
SRR35245040,SRR35245040,WGS,302.0,5226942010,PRJNA1110996,SAMN50924385,2288756939,WALTER AND ELIZA HALL INSTITUTE OF MEDICAL RESEARCH,public,SRX30347980,Illumina NovaSeq 6000,PAIRED,MDA,GENOMIC,Giardia duodenalis,ILLUMINA,2025-09-03T00:00:00Z,GP,SRP507278,GP,1975,USA,North America,USA,GP,trophozoites,NA,NA,Guinea pig,GP,NA,NA,NA,NA,NA,NA,NA,NA,NA,NA,NA,NA,NA,NA,NA,NA
SRR35245039,SRR35245039,WGS,300.0,5094051900,PRJNA1110996,SAMN50924386,2231430804,WALTER AND ELIZA HALL INSTITUTE OF MEDICAL RESEARCH,public,SRX30347981,Illumina NovaSeq 6000,PAIRED,MDA,GENOMIC,Giardia duodenalis,ILLUMINA,2025-09-03T00:00:00Z,HJ,SRP507278,HJ,1988-10-25,Czech Republic,Europe,Czech Republic,HJ,trophozoites,NA,NA,Homo sapiens,HJ,NA,NA,NA,NA,NA,NA,NA,NA,NA,NA,NA,NA,NA,NA,NA,NA
SRR35245038,SRR35245038,WGS,302.0,9438438314,PRJNA1110996,SAMN50924387,3521966320,WALTER AND ELIZA HALL INSTITUTE OF MEDICAL RESEARCH,public,SRX30347982,Illumina NovaSeq 6000,PAIRED,MDA,GENOMIC,Giardia duodenalis,ILLUMINA,2025-09-03T00:00:00Z,KC,SRP507278,KC,2003-03-11,India,Asia,India,KC,trophozoites,NA,NA,Homo sapiens,KC,NA,NA,NA,NA,NA,NA,NA,NA,NA,NA,NA,NA,NA,NA,NA,NA
SRR35245037,SRR35245037,WGS,300.0,5239287000,PRJNA1110996,SAMN50924388,2289933320,WALTER AND ELIZA HALL INSTITUTE OF MEDICAL RESEARCH,public,SRX30347983,Illumina NovaSeq 6000,PAIRED,MDA,GENOMIC,Giardia duodenalis,ILLUMINA,2025-09-03T00:00:00Z,LK16,SRP507278,LK16,2016-09-05,Sri Lanka,Asia,Sri Lanka,LK16,trophozoites,NA,NA,Homo sapiens,LK16,NA,NA,NA,NA,NA,NA,NA,NA,NA,NA,NA,NA,NA,NA,NA,NA
SRR35245036,SRR35245036,WGS,302.0,9010078192,PRJNA1110996,SAMN50924389,3322624727,WALTER AND ELIZA HALL INSTITUTE OF MEDICAL RESEARCH,public,SRX30347984,Illumina NovaSeq 6000,PAIRED,MDA,GENOMIC,Giardia duodenalis,ILLUMINA,2025-09-03T00:00:00Z,NAX,SRP507278,NAX,2023-03-11,India,Asia,India,NAX,trophozoites,NA,NA,Homo sapiens,NAX,NA,NA,NA,NA,NA,NA,NA,NA,NA,NA,NA,NA,NA,NA,NA,NA
SRR35245035,SRR35245035,WGS,302.0,6049406092,PRJNA1110996,SAMN50924390,2626585245,WALTER AND ELIZA HALL INSTITUTE OF MEDICAL RESEARCH,public,SRX30347985,Illumina NovaSeq 6000,PAIRED,MDA,GENOMIC,Giardia duodenalis,ILLUMINA,2025-09-03T00:00:00Z,P2-MER,SRP507278,P2-MER,NA,Czech Republic,Europe,Czech Republic,P2-MER,trophozoites,NA,NA,Pig,P2-MER,NA,NA,NA,NA,NA,NA,NA,NA,NA,NA,NA,NA,NA,NA,NA,NA
SRR35245034,SRR35245034,WGS,302.0,7302331914,PRJNA1110996,SAMN50924391,2681904888,WALTER AND ELIZA HALL INSTITUTE OF MEDICAL RESEARCH,public,SRX30347986,Illumina NovaSeq 6000,PAIRED,MDA,GENOMIC,Giardia duodenalis,ILLUMINA,2025-09-03T00:00:00Z,Ber1,SRP507278,Ber1,1997-10-09,Czech Republic,Europe,Czech Republic,Ber1,trophozoites,NA,NA,Homo sapiens,Ber1,NA,NA,NA,NA,NA,NA,NA,NA,NA,NA,NA,NA,NA,NA,NA,NA
